-- MySQL dump 10.13  Distrib 5.6.36, for Win32 (AMD64)
--
-- Host: localhost    Database: thinkcms
-- ------------------------------------------------------
-- Server version	5.6.36

/*!40101 SET @OLD_CHARACTER_SET_CLIENT=@@CHARACTER_SET_CLIENT */;
/*!40101 SET @OLD_CHARACTER_SET_RESULTS=@@CHARACTER_SET_RESULTS */;
/*!40101 SET @OLD_COLLATION_CONNECTION=@@COLLATION_CONNECTION */;
/*!40101 SET NAMES utf8 */;
/*!40103 SET @OLD_TIME_ZONE=@@TIME_ZONE */;
/*!40103 SET TIME_ZONE='+00:00' */;
/*!40014 SET @OLD_UNIQUE_CHECKS=@@UNIQUE_CHECKS, UNIQUE_CHECKS=0 */;
/*!40014 SET @OLD_FOREIGN_KEY_CHECKS=@@FOREIGN_KEY_CHECKS, FOREIGN_KEY_CHECKS=0 */;
/*!40101 SET @OLD_SQL_MODE=@@SQL_MODE, SQL_MODE='NO_AUTO_VALUE_ON_ZERO' */;
/*!40111 SET @OLD_SQL_NOTES=@@SQL_NOTES, SQL_NOTES=0 */;

--
-- Table structure for table `admin`
--

DROP TABLE IF EXISTS `admin`;
/*!40101 SET @saved_cs_client     = @@character_set_client */;
/*!40101 SET character_set_client = utf8 */;
CREATE TABLE `admin` (
  `admin_id` tinyint(3) unsigned NOT NULL AUTO_INCREMENT,
  `account` varchar(20) NOT NULL COMMENT '账号',
  `password` char(32) NOT NULL COMMENT '密码',
  `last_login_time` int(10) unsigned NOT NULL DEFAULT '0' COMMENT '最后登录的时间',
  `last_login_ip` varchar(15) NOT NULL DEFAULT '' COMMENT '最后登录的ip',
  `email` varchar(255) NOT NULL COMMENT '邮箱',
  `real_name` varchar(60) NOT NULL COMMENT '真名',
  `type` tinyint(3) unsigned NOT NULL DEFAULT '2' COMMENT '类型，1：超级管理员，2：普通管理员',
  `status` tinyint(4) NOT NULL DEFAULT '1' COMMENT '状态，-1：删除，0：禁用，1：启用',
  PRIMARY KEY (`admin_id`),
  KEY `account` (`account`)
) ENGINE=InnoDB AUTO_INCREMENT=3 DEFAULT CHARSET=utf8 COMMENT='管理员表';
/*!40101 SET character_set_client = @saved_cs_client */;

--
-- Dumping data for table `admin`
--

LOCK TABLES `admin` WRITE;
/*!40000 ALTER TABLE `admin` DISABLE KEYS */;
INSERT INTO `admin` VALUES (1,'think','0155bb04af3c6dcff9a227aaa8148563',1496155150,'127.0.0.1','weimingzhili@foxmail.com','曾威',1,1),(2,'admin','000000',0,'','weimingzhili@foxmail.com','曾威',2,1);
/*!40000 ALTER TABLE `admin` ENABLE KEYS */;
UNLOCK TABLES;

--
-- Table structure for table `article`
--

DROP TABLE IF EXISTS `article`;
/*!40101 SET @saved_cs_client     = @@character_set_client */;
/*!40101 SET character_set_client = utf8 */;
CREATE TABLE `article` (
  `article_id` int(10) unsigned NOT NULL AUTO_INCREMENT,
  `column_id` smallint(5) unsigned NOT NULL COMMENT '栏目id',
  `title` varchar(150) NOT NULL COMMENT '标题',
  `subtitle` varchar(300) NOT NULL DEFAULT '' COMMENT '子标题',
  `thumb` varchar(255) NOT NULL DEFAULT '' COMMENT '缩略图',
  `keywords` varchar(100) NOT NULL DEFAULT '' COMMENT '关键词',
  `description` varchar(600) NOT NULL DEFAULT '' COMMENT '描述',
  `list_order` int(10) unsigned NOT NULL DEFAULT '0' COMMENT '排序',
  `source` varchar(255) NOT NULL DEFAULT '' COMMENT '来源',
  `admin` varchar(20) NOT NULL COMMENT '管理员',
  `create_time` int(10) unsigned NOT NULL COMMENT '创建时间',
  `update_time` int(10) unsigned NOT NULL DEFAULT '0' COMMENT '更新时间',
  `readings` int(10) unsigned NOT NULL DEFAULT '0' COMMENT '阅读数',
  `status` tinyint(4) NOT NULL DEFAULT '1' COMMENT '状态，-1：删除，0：禁用，1：启用',
  PRIMARY KEY (`article_id`)
) ENGINE=InnoDB AUTO_INCREMENT=25 DEFAULT CHARSET=utf8 COMMENT='文章表';
/*!40101 SET character_set_client = @saved_cs_client */;

--
-- Dumping data for table `article`
--

LOCK TABLES `article` WRITE;
/*!40000 ALTER TABLE `article` DISABLE KEYS */;
INSERT INTO `article` VALUES (1,4,'测试标题','测试子标题','','测试关键词','测试描述',1,'','think',1488805210,0,0,-1),(2,3,'测试标题','测试子标题','','测试关键词','测试描述',0,'','think',1488805210,0,0,-1),(3,3,'测试标题','测试子标题','','测试关键词','测试描述',0,'','think',1488805210,0,0,-1),(4,3,'测试标题','测试子标题','','测试关键词','测试描述',0,'','think',1488805210,0,0,-1),(5,3,'测试标题','测试子标题','','测试关键词','测试描述',0,'','think',1488805210,0,0,-1),(6,3,'测试标题','测试子标题','','测试关键词','测试描述',0,'','think',1488805210,0,0,-1),(7,3,'测试标题','测试子标题','','测试关键词','测试描述',0,'','think',1488805210,0,0,-1),(8,3,'测试标题','测试子标题','\\uploads\\20170516\\35c7ba5748f0e16409aa700600f9aa2a.jpg','测试关键词','测试描述',0,'测试来源','think',1494953381,0,0,-1),(9,3,'测试标题','测试子标题','\\uploads\\20170516\\35c7ba5748f0e16409aa700600f9aa2a.jpg','测试关键词','测试描述',0,'测试来源','think',1494953431,0,0,-1),(10,3,'测试标题','测试子标题','\\uploads\\20170516\\35c7ba5748f0e16409aa700600f9aa2a.jpg','测试关键词','测试描述',0,'测试来源','think',1494953479,0,0,-1),(11,3,'测试标题','测试子标题','\\uploads\\20170516\\35c7ba5748f0e16409aa700600f9aa2a.jpg','测试关键词','测试描述',0,'测试来源','think',1494953791,0,0,-1),(12,3,'测试标题','测试子标题','\\uploads\\20170516\\35c7ba5748f0e16409aa700600f9aa2a.jpg','测试关键词','测试描述',0,'测试来源','think',1494953900,0,0,-1),(13,3,'测试标题','测试子标题','\\uploads\\20170516\\35c7ba5748f0e16409aa700600f9aa2a.jpg','测试关键词','测试描述',0,'测试来源','think',1494954084,0,0,-1),(14,3,'测试标题1','测试子标题','\\uploads\\20170516\\35c7ba5748f0e16409aa700600f9aa2a.jpg','测试关键词','测试描述',0,'测试来源','think',1494954204,1495041149,0,-1),(15,3,'测试文章序号','','','','',0,'','think',1495381649,0,0,-1),(16,5,'这种便宜药每年拯救1000名中国新生儿的生命，却为何退出了中国','这种便宜药每年拯救1000名中国新生儿的生命','\\static\\uploads\\20170527\\069c9a98340a042cbff241b64cefb56c.jpg','便宜药 拯救 新生儿','这种便宜药每年拯救1000名中国新生儿的生命',0,'虎嗅网','think',1495891359,0,0,1),(17,2,'有关柯洁落败 AlphaGO 的一点乱想','柯洁落败','\\static\\uploads\\20170527\\39f63b6a64ae98c5c695054899424a46.jpg','柯洁 落败 AlphaGO','有关柯洁落败',0,'虎嗅网','think',1495891510,1495944851,1,1),(18,3,'与支付宝微信差距大，负责人又离职，百度钱包还有机会吗？','百度钱包还有机会吗','\\static\\uploads\\20170527\\5f96430a205bee2c02b93cf926109d83.jpg','负责人 离职 百度钱包','百度钱包还有机会吗',0,'虎嗅网','think',1495891674,1495944862,1,1),(19,4,'乐视体育B+轮融资解读：新股东中意宁波生态园意图何在？','乐视体育B+轮融资解读','\\static\\uploads\\20170527\\dd21498639de1cd0e0e3ca6423da2c33.jpg','乐视体育 B+轮融资','乐视体育B+轮融资解读',0,'虎嗅网','think',1495891987,0,0,1),(20,5,'人工智能、云，两个产品读懂GE如何布局数字医疗','两个产品读懂GE如何布局数字医疗','\\static\\uploads\\20170527\\6896ab9fb1179859129e7949401d61a6.jpg','人工智能 云 GE 数字医疗','人工智能、云，两个产品读懂GE如何布局数字医疗',0,'虎嗅网','think',1495892234,1495944844,2,1),(21,2,'都知道无人驾驶能挣钱，但这个钱应该怎么挣？','都知道无人驾驶能挣钱','\\static\\uploads\\20170527\\3ca4b3de077ebd239c02280c7f3e3fdb.jpg','无人驾驶 挣钱','都知道无人驾驶能挣钱',0,'虎嗅网','think',1495892346,0,0,1),(22,3,'比特币翻倍狂涨，幕后推手竟是一家投资信托','比特币翻倍狂涨','\\static\\uploads\\20170527\\4b57f59a5e9cc3129b068861b4482482.gif','比特币 狂涨 投资信托','比特币翻倍狂涨',0,'虎嗅网','think',1495892425,1495952395,1,1),(23,4,'一个有80年历史的户外运动品牌，去年营收24亿美元，怎么做到的？','一个有80年历史的户外运动品牌','\\static\\uploads\\20170527\\5ef62832b79c63d8b7eed62c4e6de391.jpg','户外运动品牌 营收','一个有80年历史的户外运动品牌，去年营收24亿美元',0,'虎嗅网','think',1495893291,1495951113,1,1),(24,5,'手术方案可以用AI全程设计了，科幻离现实还有多远','手术方案可以用AI全程设计了','\\static\\uploads\\20170527\\d81f0db511dab85ed659fc428fe47f87.jpg','手术方案 AI 全程设计','手术方案可以用AI全程设计了',0,'虎嗅网','think',1495893429,1495951050,2,1);
/*!40000 ALTER TABLE `article` ENABLE KEYS */;
UNLOCK TABLES;

--
-- Table structure for table `article_content`
--

DROP TABLE IF EXISTS `article_content`;
/*!40101 SET @saved_cs_client     = @@character_set_client */;
/*!40101 SET character_set_client = utf8 */;
CREATE TABLE `article_content` (
  `article_content_id` int(10) unsigned NOT NULL AUTO_INCREMENT,
  `article_id` int(10) unsigned NOT NULL COMMENT '文章id',
  `content` text NOT NULL COMMENT '文章内容',
  `create_time` int(10) unsigned NOT NULL COMMENT '创建时间',
  `update_time` int(10) unsigned NOT NULL DEFAULT '0' COMMENT '更新时间',
  PRIMARY KEY (`article_content_id`),
  KEY `article_id` (`article_id`)
) ENGINE=InnoDB AUTO_INCREMENT=12 DEFAULT CHARSET=utf8 COMMENT='文章内容表';
/*!40101 SET character_set_client = @saved_cs_client */;

--
-- Dumping data for table `article_content`
--

LOCK TABLES `article_content` WRITE;
/*!40000 ALTER TABLE `article_content` DISABLE KEYS */;
INSERT INTO `article_content` VALUES (1,14,'测试内容1&lt;img src=&quot;\\uploads\\20170517\\90a571dd8c3104c71cfda0369b18ae8f.png&quot; alt=&quot;undefined&quot;&gt;',1494954204,1495041149),(2,15,'11',1495381650,0),(3,16,'&lt;p&gt;视网膜母细胞瘤（Retinoblastoma，简称 RB），是一种起源于眼底视网膜部分的恶性肿瘤。&lt;/p&gt;&lt;p&gt;&lt;br&gt;&lt;/p&gt;&lt;p&gt;这种恶性肿瘤成人很罕见，好发于 3 岁之前的婴幼儿，95%的患者年龄都在 5 岁以下。&lt;/p&gt;&lt;p&gt;&lt;br&gt;&lt;/p&gt;&lt;p&gt;大多数患儿是单眼出现肿瘤，少部分患者则是双眼同时出现，还有不到 1%的患儿是更加罕见的三侧性视网膜母细胞瘤（TRB），会在双眼的基础上同时伴发颅内肿瘤。&lt;/p&gt;&lt;p&gt;&lt;br&gt;&lt;/p&gt;&lt;p&gt;我们的故事，就从这个疾病开始。&lt;/p&gt;&lt;p&gt;&lt;br&gt;&lt;/p&gt;&lt;p label=&quot;大标题&quot; class=&quot;text-big-title&quot;&gt;&lt;b&gt;这是一种什么样的疾病？&lt;/b&gt;&lt;/p&gt;&lt;p&gt;&lt;br&gt;&lt;/p&gt;&lt;p&gt;RB 是一种发病率很低的恶性肿瘤，大约每 15,000～20,000 个新生儿里才出现 1 个 RB 患儿。全球每年新发 RB 患儿大约 8,000～9,000 例，其中美国大约有 350例，中国大约 1,100 例左右。&lt;/p&gt;&lt;p&gt;&lt;br&gt;&lt;/p&gt;&lt;p&gt;这类患儿最早被父母发现有问题大都是因为白瞳症状（也称猫眼症状，如下图），因为肿瘤挡住了脉络膜，肿瘤的反光呈白色。&lt;/p&gt;&lt;p&gt;&lt;br&gt;&lt;/p&gt;&lt;p class=&quot;img-center-box&quot; style=&quot;text-align: center;&quot;&gt;&lt;img src=&quot;https://img.huxiucdn.com/article/cover/201705/19/152448542972.png&quot;&gt;&lt;/p&gt;&lt;p class=&quot;img-center-box&quot; style=&quot;text-align: center;&quot;&gt;&lt;span&gt;RB 患儿的白瞳症状&lt;/span&gt;&lt;/p&gt;&lt;p class=&quot;img-center-box&quot; style=&quot;text-align: center;&quot;&gt;&lt;span&gt;&lt;br&gt;&lt;/span&gt;&lt;/p&gt;&lt;p&gt;因此，当使用闪光灯拍摄拍到 RB 患儿的眼睛时，患侧眼就会出现瞳孔反光的情况犹如猫眼一般，与健侧眼有很大区别。&lt;/p&gt;&lt;p&gt;&lt;br&gt;&lt;/p&gt;&lt;p label=&quot;大标题&quot; class=&quot;text-big-title&quot;&gt;治疗技术的进展&lt;/p&gt;&lt;p&gt;&lt;br&gt;&lt;/p&gt;&lt;p&gt;作为一种恶性肿瘤，RB 会严重威胁患儿的视力乃至生命。两个多世纪以来，随着临床医生和科学家不断的探索和努力，RB 的治疗也经历了诸多巨大变化。&lt;/p&gt;&lt;p&gt;&amp;nbsp;&lt;/p&gt;&lt;p&gt;从 19 世纪到 20 世纪中叶，眼球摘除术一直是治疗 RB 的唯一方法，这么做的目的就是为了保命。&lt;/p&gt;&lt;p&gt;&lt;br&gt;&lt;/p&gt;&lt;p&gt;1903 年，Dr. Hilgartner 第一个报告使用放疗成功治愈 RB 患儿，到了 20 世纪 50 年代，放疗能够使 36%的患儿达到治愈，并且让一部分孩子保存视力。&lt;/p&gt;&lt;p&gt;&lt;br&gt;&lt;/p&gt;&lt;p&gt;从 1953 年至今，全身化疗开始运用到 RB 治疗上面，自此 RB 的治疗效果有了大幅提升，并且让许多患儿可以避免眼球摘除。到 1962 年，美国 RB 患儿的五年生存率已经提高到了 75%。&lt;/p&gt;&lt;p&gt;&amp;nbsp;&lt;/p&gt;&lt;p class=&quot;img-center-box&quot; style=&quot;text-align: center;&quot;&gt;&lt;img src=&quot;https://img.huxiucdn.com/article/cover/201705/19/152159402549.jpg&quot;&gt;&lt;/p&gt;&lt;p class=&quot;img-center-box&quot; style=&quot;text-align: center;&quot;&gt;&lt;span&gt;美国最常见儿童恶性肿瘤的五年生存率变化，可见视网膜母细胞瘤生存率近年明显提高&lt;/span&gt;&lt;/p&gt;&lt;p&gt;&lt;br&gt;&lt;/p&gt;&lt;p label=&quot;大标题&quot; class=&quot;text-big-title&quot;&gt;&lt;b&gt;革命性的新技术&lt;/b&gt;&lt;/p&gt;&lt;p&gt;&lt;br&gt;&lt;/p&gt;&lt;p&gt;然而，全身化疗会存在一些问题，由于化疗药物通过静脉输送到全身血管，身体大部分正常组织都会受到化疗药物的影响，引起像听力受损、外周神经麻痹以及骨髓移植等副作用。&lt;/p&gt;&lt;p&gt;&lt;br&gt;&lt;/p&gt;&lt;p&gt;而更为严重的一点是，虽然全身化疗可以有效控制 RB，但是后来的临床研究却发现一个问题，经历全身化疗的 RB 患儿在 RB 治愈的数年之后，出现二次肿瘤（肉瘤居多）的概率比一般孩子高很多。&lt;/p&gt;&lt;p&gt;&lt;br&gt;&lt;/p&gt;&lt;p&gt;为了避免二次肿瘤的问题，为了在保眼的基础上提高治愈率，为了让药物更集中于肿瘤组织，临床医生尝试了各种各样的新药和新技术。&lt;/p&gt;&lt;p&gt;&lt;br&gt;&lt;/p&gt;&lt;p&gt;2006 年，纽约纪念斯隆凯特琳癌症中心的医生开始使用超选择性眼动脉化疗术（OAC）治疗 RB 。简单的说，就是通过微创的方法，将一根很细的导管一直通到视网膜附近的眼动脉，然后以脉冲方式输入一种强效的化疗药物。&lt;/p&gt;&lt;p&gt;&lt;br&gt;&lt;/p&gt;&lt;p&gt;这种方法可以将化疗药物最大程度集中于肿瘤，而身体其他组织受到的伤害非常小。OAC 可以使 RB 的保命率提高到 99%，可以使 90%的孩子至少保留一只眼球的正常视力。&lt;/p&gt;&lt;p&gt;&amp;nbsp;&lt;/p&gt;&lt;p&gt;OAC是RB治疗的革命技术，保眼率和远远超过既往的任何治疗手段。而在这项技术中，&lt;span&gt;最关键的是它所使用的化疗药物——马法兰。&lt;/span&gt;&lt;/p&gt;&lt;p&gt;&lt;br&gt;&lt;/p&gt;&lt;p label=&quot;大标题&quot; class=&quot;text-big-title&quot;&gt;&lt;b&gt;光明尽头：有效药物的无奈退市&lt;/b&gt;&lt;/p&gt;&lt;p&gt;&lt;br&gt;&lt;/p&gt;&lt;p&gt;马法兰（Melphalan，商品名 Alkeran），最早用于治疗多发性骨髓瘤，后来发现它对于治疗卵巢癌、急性淋巴细胞白血病以及一部分黑色素瘤也有效果。&lt;/p&gt;&lt;p&gt;&lt;br&gt;&lt;/p&gt;&lt;p&gt;2006 年，医生们开始尝试使用马法兰治疗 RB ，结果证明马法兰的效果非常理想，OAC 技术也在美国以及包括中国的其他国家进行推广。而在中国眼科医生尝试用马法兰治疗 RB 之前，马法兰其实已经在中国大陆帮到了许多多发性骨髓瘤的患者。&lt;/p&gt;&lt;p&gt;&lt;br&gt;&lt;/p&gt;&lt;p&gt;&lt;span&gt;1996 年，葛兰素史克的马法兰获批进入中国市场，当时有关部门的定价是，1 瓶 25 片 2 mg 装的马法兰在中国大陆的零售价不能超过人民币 70 元。&lt;/span&gt;&lt;/p&gt;&lt;p&gt;&lt;br&gt;&lt;/p&gt;&lt;p&gt;&lt;span&gt;这个价格低于马法兰在其他许多国家的定价，成为了当时中国大陆最便宜的抗癌药之一。&lt;/span&gt;而在美国，马法兰（ 30 片 2 mg）的售价在 360 美元（人民币 2,500 元），扣除这些年的通胀和汇率因素，中国的售价还是远低于美国。&lt;/p&gt;&lt;p&gt;&lt;br&gt;&lt;/p&gt;&lt;p&gt;虽然马法兰在中国有广泛的临床运用，除了 RB 之外，多发性骨髓瘤患者对它的需求量也是非常大的。然而，&lt;span&gt;由于有关部门的定价过低，葛兰素史克卖了十几年间亏损了数亿美元。&lt;/span&gt;&lt;/p&gt;&lt;p&gt;&lt;br&gt;&lt;/p&gt;&lt;p&gt;&lt;span&gt;葛兰素史克毕竟不是慈善机构，最终决定让马法兰退出中国市场。2012 年，当葛兰素史克将马法兰卖给另外一家药企 Aspen 之后，马法兰就没有再申请进入中国市场。&lt;/span&gt;&lt;/p&gt;&lt;p&gt;&lt;br&gt;&lt;/p&gt;&lt;p label=&quot;大标题&quot; class=&quot;text-big-title&quot;&gt;&lt;b&gt;退市后，中国患儿该怎么办？&lt;/b&gt;&lt;/p&gt;&lt;p&gt;&lt;br&gt;&lt;/p&gt;&lt;p&gt;从此之后中国患者们再也无法从正常途径使用到这个药物了。&lt;/p&gt;&lt;p&gt;&lt;br&gt;&lt;/p&gt;&lt;p&gt;从 2006 年至 2016 年，过去了整整十年。&lt;span&gt;按照前文所述的数据来说，&lt;/span&gt;&lt;span&gt;已经有上万名患儿，因为这项措施失去了最佳的治疗机会。&lt;/span&gt;&lt;/p&gt;&lt;p&gt;&lt;br&gt;&lt;/p&gt;&lt;p&gt;马法兰虽然已经退出中国多年，然而，中国患儿的父母和眼科医生却还是在不断地追寻这个药物，因为这个药实在是太重要了，眼动脉化疗中目前暂时还没有发现有其他任何药物足以替代马法兰。&lt;/p&gt;&lt;p&gt;&lt;br&gt;&lt;/p&gt;&lt;p&gt;但是，&lt;span&gt;即便 RB 患儿的父母花高价，从黑市上或者其他国家弄到马法兰，恐怕孩子们的主治医生也不敢给他们进行注射。&lt;/span&gt;&lt;/p&gt;&lt;p&gt;&lt;br&gt;&lt;/p&gt;&lt;p&gt;因为根据中国法律，未在中国食品药品监督管理局（CFDA）上注册的药物，以及没有获得中国政府的进口及销售许可的药物，一旦被查到都视为假药。&lt;/p&gt;&lt;p&gt;&lt;br&gt;&lt;/p&gt;&lt;p&gt;对于 RB 患儿、乃至许多寻求新药的中国癌症患者来说，他们失去了最好的治疗药物。中国医生如果使用这些「假药」给患者治疗，一旦出现问题，医生很可能会被吊销执照，甚至承担刑事责任。而代购药品，也可能涉及销售假药罪，最高可判处死刑。&lt;/p&gt;&lt;p&gt;&lt;br&gt;&lt;/p&gt;&lt;p&gt;至少在正规途径，我们已经买不到这种药物了。&lt;/p&gt;&lt;p&gt;&lt;br&gt;&lt;/p&gt;&lt;p&gt;因此，在全球患儿都有机会接受最优治疗方案的今天。有超过 70% 的中国 RB 患儿不得不摘除他们的患眼，这对于他们之后的人生是一种巨大的考验。&lt;/p&gt;&lt;p&gt;&lt;br&gt;&lt;/p&gt;&lt;p&gt;丧失一侧视力对于婴幼儿来说，日后的行为和认知能力发育都会受到很大影响，更别提双侧肿瘤的患儿。即便是加大筛查力度，尽可能在疾病早期就及时发现，并且让更多医生了解并掌握介入化疗这一项技术，很多患儿还是可能会失去光明。&lt;/p&gt;&lt;p&gt;&amp;nbsp;&lt;/p&gt;&lt;p&gt;因为孩子们的救命药物，已经离他们而去了。&lt;/p&gt;',1495891359,0),(4,17,'&lt;p label=&quot;大标题&quot; class=&quot;text-big-title&quot;&gt;&lt;b&gt;一&lt;/b&gt;&lt;/p&gt;&lt;p&gt;&lt;br&gt;&lt;/p&gt;&lt;p&gt;事实上，在柯洁对战阿尔法狗之前，很多见证过去年阿尔法狗战胜李世石的人们，心底里都是对于柯洁战胜阿尔法狗是不抱希望的。因为事实很清楚，李世石并非无名之辈，而是真正的世界顶级围棋棋手，曾经也拿过数十个世界联赛的冠军，但是阿尔狗却以碾压的姿态将其战胜，显然不是一个水平线上的“选手”。&lt;/p&gt;&lt;p&gt;&amp;nbsp;&lt;/p&gt;&lt;p&gt;而柯洁虽然是当今世界围坛第一人，与李世石的交手战绩也占优，但其实两者实力差距并没有那么大，至少柯洁与李世石的交手时没有出现像阿尔法狗那样的一边倒的碾压态势。&lt;/p&gt;&lt;p&gt;&lt;br&gt;&lt;/p&gt;&lt;p&gt;更重要的是，去年虽然李世石侥幸赢了阿尔法狗一盘，但是凭借的神之一手，这就意味着李世石能够赢一盘已经是奇迹，而柯洁想要全面战胜阿尔法狗就更不可能。&lt;/p&gt;&lt;p&gt;&amp;nbsp;&lt;/p&gt;&lt;p&gt;最关键的是，作为机器的阿尔法狗还在飞速进化，据说每天要跟自己对弈5万盘棋，而人类选手在比赛时最快的话也需要2个小时，慢的话可能需要一天，也就是说人类要完成5万盘棋的对弈数量需要1万个小时，也就是一天不眠不休需要400多天，从这个角度来看，阿尔狗在围棋领域就是神、就是上帝、就是超越人类的存在。&lt;/p&gt;&lt;p&gt;&amp;nbsp;&lt;/p&gt;&lt;p&gt;所以，柯洁与阿尔法狗的大战注定会失败，这不是马后炮的结论，而应该是每个科技领域的从业者心知肚明的事情。而在今天，当柯洁输给阿尔法狗在参加发布会时落泪，我想他并不是因为失败而伤心，而是因为阿尔法狗以一种围棋上帝的姿态彻底征服了柯洁，而柯洁的眼泪里更多的应该是感慨和无力感。&lt;/p&gt;&lt;p&gt;&lt;br&gt;&lt;/p&gt;&lt;p&gt;而这正恰如中国科幻作家刘慈欣在其科幻小说《三体》当中提到的降维攻击，当两者处于不同的空间维度时，高维度的会对低维度的造成无可抵挡的打击。&lt;/p&gt;&lt;p&gt;&amp;nbsp;&lt;/p&gt;&lt;p label=&quot;大标题&quot; class=&quot;text-big-title&quot;&gt;&lt;b&gt;二&lt;/b&gt;&lt;/p&gt;&lt;p&gt;&amp;nbsp;&lt;/p&gt;&lt;p&gt;于是，这就有一个科技界讨论许久的问题出现：人工智能未来是否会彻底取代人类？因为在李世石、柯洁相继落败于阿尔法狗之后，已经证明在围棋这一个高智商竞赛领域，人类已非机器对手。那么，此后在其更多的领域，人类是否会因此丧失主导权呢？&lt;/p&gt;&lt;p&gt;&amp;nbsp;&lt;/p&gt;&lt;p&gt;此前，现代最伟大的物理学家之一史蒂芬·霍金在参加2015时代精神会议上曾提出警告：人工智能可能会导致人类的灭绝，并且进一步表示：“人工智能计算机可能在接下来的100年之内就将人类取而代之。”&lt;/p&gt;&lt;p&gt;&amp;nbsp;&lt;/p&gt;&lt;p&gt;而来自柯洁大战阿尔法狗的始作俑者谷歌的首席科学家Yoav Shoham在今年接受记者采访时也表示赞同霍金对于人工智能的评价，认为确实要提早预防AI发展带来的一系列问题。&lt;/p&gt;&lt;p&gt;&amp;nbsp;&lt;/p&gt;&lt;p&gt;实际上，从历史的发展角度来看，人类无法不产生担心。要知道在此前的历史发展过程中，尽管人类创造了各种各样的工具为人所用，但始终主导权都在人类的手中。而人工智能机器人尽管初期时学习人类的经验，但却能够基于人类海量的经验和数据进行深度学习完成自我进化，进而获得人类难以企及的“技能”。所以，就不免让人产生担心。&lt;/p&gt;&lt;p&gt;&lt;br&gt;&lt;/p&gt;&lt;p&gt;并且，现在的科学家们还正在通过算法构造策略与仿脑构造策略这两种途径尝试研究让机器具备意识，而一旦这一研究成立，超强的技能和不受人类操控的自主意识，这两者叠加，就等于创造了一个新物种，而这个物种不吃饭不睡觉能够完成一切最艰难的工作，必然会站在食物链的顶端，届时人类很难说不会被沦为奴隶。所以，这或许正是霍金担心的原因。&lt;/p&gt;&lt;p&gt;&amp;nbsp;&lt;/p&gt;&lt;p&gt;不过，也有另外一个可能，正如谷歌首席科学家YoavShoham所认为的那样：未来人与机器的界限会越来越模糊，当人和机器融为一体了，就不存在机器会取代人的一个过程。&lt;/p&gt;&lt;p&gt;&lt;br&gt;&lt;/p&gt;&lt;p&gt;这显然是人类希望的人工智能技术的最理想的一个发展新方向，人类像以往使用水电煤一样将人工智能作为一种工具或资源进行使用，人类借此继续进化成为超人，继而继续主宰整个世界。&lt;/p&gt;&lt;p&gt;&lt;br&gt;&lt;/p&gt;&lt;p&gt;而这时问题又来了？人类借助人工智能进化时会是同步一起进化吗？如果不是的话，那对于人类来说同样也是一场灾难。&lt;/p&gt;&lt;p&gt;&amp;nbsp;&lt;/p&gt;&lt;p label=&quot;大标题&quot; class=&quot;text-big-title&quot;&gt;&lt;b&gt;三&lt;/b&gt;&lt;/p&gt;&lt;p&gt;&amp;nbsp;&lt;/p&gt;&lt;p&gt;既然人工智能可能给人类带来灾难，那么为何世界上那么众多的科技公司都在投身这一领域的研究呢？&lt;/p&gt;&lt;p&gt;&amp;nbsp;&lt;/p&gt;&lt;p&gt;这一方面可能是源于人类的自信，因为在人类绵延发展的300多万年来，人类一直都是征服者，征服了大陆上一切凶猛野兽，也驯服了各类植物食物，更是发明了电，创造了计算机。所以，在面对人工智能这样的新技术出现时，人类理所当然的认为我们能够驯服它，并让其为人类所用。&lt;/p&gt;&lt;p&gt;&lt;br&gt;&lt;/p&gt;&lt;p&gt;不过，去年风靡全球的《人类简史》的作者尤瓦尔·赫拉利在其书中提到的一个观点值得思考，那就是在人类发展的过程中，到底是人类驯服了小麦，还是小麦驯服了人类？他在书中提到，由于人类种植了小麦，然后对小麦进行精心呵护，浇水耕田，最终导致将原来是采集者的人类被束缚在了一个地方。按照中国成语说人类就是作茧自缚。&lt;/p&gt;&lt;p&gt;&amp;nbsp;&lt;/p&gt;&lt;p&gt;那么，人工智能是不是也是一个“茧”呢？按照众多科技公司描绘的远景，人工智能可以取代人类做各种各样的工作，甚至最近微软小冰还要进行基于人类抽象意识的写诗作文的研究，特别是如果这些基于想象力和创造力的工作也全都被机器取代的话，那么未来人类究竟要何去何从？&lt;/p&gt;&lt;p&gt;&amp;nbsp;&lt;/p&gt;&lt;p label=&quot;大标题&quot; class=&quot;text-big-title&quot;&gt;&lt;b&gt;四&lt;/b&gt;&lt;/p&gt;&lt;p&gt;&amp;nbsp;&lt;/p&gt;&lt;p&gt;当然，科技公司研究人工智能的出发点绝不是为了毁灭人类，他们的出发点只能是一个那就是驱动经济增长。&lt;/p&gt;&lt;p&gt;&lt;br&gt;&lt;/p&gt;&lt;p&gt;众所周知，科技的每一次进步都带来了人类文明的跃升和经济的高速增长，对于代表最先进生产力的科技公司来说，自然是希望能够率先推出新技术，然后收获这轮技术变革的最大红利。&lt;/p&gt;&lt;p&gt;&amp;nbsp;&lt;/p&gt;&lt;p&gt;不过，也有人会反问，既然科技公司想要通过人工智能来驱动经济增长，为何现在看起来都是一些诸如下围棋、写诗这样的雕虫小技。答案，很简单，这个世界无论是政府、国家、宗教抑或是公司，都是基于“想象的现实”，而只有通过这些更接地气的“小技巧”才能让人们相信这一技术的存在，继而愿意去相信人工智能能够带来革命。&lt;/p&gt;&lt;p&gt;&lt;br&gt;&lt;/p&gt;&lt;p&gt;而这对于科技公司来说很重要，因为这关乎背后的股票涨跌，公司的估值高低以及人们愿不愿意为此“想象”最终买单。&lt;/p&gt;',1495891510,0),(5,18,'&lt;p&gt;继百度金融CRO王劲在4月离职后，今天（&lt;span class=&quot;text-remarks&quot; label=&quot;备注&quot;&gt;5月27日&lt;/span&gt;）百度百付宝公司总经理、百度钱包负责人章政华&lt;a href=&quot;http://tech.sina.com.cn/roll/2017-05-27/doc-ifyfqvmh9220505.shtml&quot; target=&quot;_blank&quot; title=&quot;百度钱包负责人章政华因个人原因离职&quot;&gt;被曝已经离职&lt;/a&gt;，百度金融确认了这一消息。百度金融回应称章政华系因个人发展原因离职，百度对章政华为百度钱包业务作出的贡献表示感谢。&lt;/p&gt;&lt;p&gt;&amp;nbsp;&lt;/p&gt;&lt;p&gt;作为百度百付宝公司总经理、百度钱包负责人，章政华整体负责百度钱包支付及旗下金融理财相关业务。2015年12月，其携百度钱包业务及团队转入百度金融服务事业群组FSG。&lt;/p&gt;&lt;p&gt;&amp;nbsp;&lt;/p&gt;&lt;p&gt;资料显示，章政华2005年加盟阿里巴巴，次年加入支付宝成为支付宝第一批业务负责人，先后负责支付宝商家工具等重要项目，是国内物流等行业货款资金实时清算方法及其系统的发明人，并负责支付宝 “聚生活”项目。2010年，任支付宝业务发展部资深总监。加入百度后，于2014年4月15日发布了百度钱包品牌，任百度百付宝公司总经理、百度钱包负责人。&lt;/p&gt;&lt;p&gt;&lt;br&gt;&lt;/p&gt;&lt;p label=&quot;大标题&quot; class=&quot;text-big-title&quot;&gt;&lt;b&gt;百度钱包与微信支付、支付宝的差距有点大&lt;/b&gt;&lt;/p&gt;&lt;p&gt;&amp;nbsp;&lt;/p&gt;&lt;p&gt;对于离职原因，网上有很多猜测，有意见认为离职原因是百度钱包业绩没有达到预期。不管是不是因为这个原因，客观数据确实显示，从业务数据看，百度钱包用户数与规模持续增长，但与支付宝、微信支付相比依然差距巨大。&lt;/p&gt;&lt;p&gt;&amp;nbsp;&lt;/p&gt;&lt;p&gt;百度财报数据显示，2016年Q1-Q4，百度钱包激活用户数分别为6500万、8000万、9000万、1亿。而腾讯移动支付（&lt;span class=&quot;text-remarks&quot; label=&quot;备注&quot;&gt;微信支付+QQ钱包&lt;/span&gt;）的月活跃账户在2016年底已经超过6亿。支付宝2016年实名认证用户也达到了4.5亿。&lt;/p&gt;&lt;p&gt;&amp;nbsp;&lt;/p&gt;&lt;p&gt;在市场份额方面，易观智库数据显示，2017年Q1，百度钱包市场份额只有0.36%，勉强进入第三方支付行业前十。行业前两强支付宝和财付通份额分别达到53.7%和39.51%。不仅离前两强遥不可及，中间还隔着平安壹钱包、连连支付、联动优势、易宝支付、快钱等公司。&lt;/p&gt;&lt;p&gt;&amp;nbsp;&lt;/p&gt;&lt;p&gt;百度钱包团队以及章政华不可谓不努力，&lt;a href=&quot;https://mp.weixin.qq.com/s?src=3&amp;amp;timestamp=1495866031&amp;amp;ver=1&amp;amp;signature=OVxqADldjyDczO3It64aSRhxrPwNTQkgucogGlrxGih02vYBP0v*X21c0GkaYQD845dAM6HUBBknHnlLEBRDZuWHlAziBo5Iixjh-R9b9bQ696Ou8lnCpx51X47sbkjS1*Icc1yUbKfpPqzsSHGnSoqLIDxyR3aMSXMddZY2zsI=&quot; target=&quot;_blank&quot; title=&quot;“新生代”章政华 在消费升级时代开拓移动支付新天地&quot;&gt;浙商杂志&lt;/a&gt;一篇文章中提到，章政华在接手百度支付业务的第一年没怎么回过浙江老家，几乎每天都要加班到晚上十点以后。折叠床、睡袋都放在办公区，最忙的时候甚至要几天几夜睡在办公室。不过市场是残酷的，并非靠努力就能成功，市场领先者已经占据了先发优势，而且也很努力地做各种推广。百度钱包要翻身实在太难。&lt;/p&gt;&lt;p&gt;&amp;nbsp;&lt;/p&gt;&lt;p label=&quot;大标题&quot; class=&quot;text-big-title&quot;&gt;&lt;b&gt;百度钱包都做过哪些尝试？&lt;/b&gt;&lt;/p&gt;&lt;p&gt;&amp;nbsp;&lt;/p&gt;&lt;p&gt;支付宝借助阿里的消费场景，以及阿里参与投资的各种打车、外卖等场景，并向线下的零售商超、店铺等大规模推广，使用场景和交易规模都得到很大拓展；微信支付借助微信的巨大流量，以及微信红包等社交玩法，并通过在打车、零售商超等众多场景的布局，使用率大幅提升。现在提移动支付，人们往往下意识将移动支付与支付宝微信支付等同起来。&lt;/p&gt;&lt;p&gt;&amp;nbsp;&lt;/p&gt;&lt;p&gt;相比之下，百度钱包的存在感不足。百度自身可以与支付联系的场景有限，本身又缺乏账号体系，发展支付先天不足。但鉴于支付在互联网金融方面的基础性地位，支付又不能放弃。总结这些年来的发展，百度钱包的发展思路基本是“补贴+扩场景”， 来吸引用户。例如用百度钱包消费，返1%的百赚积分，抵现金花。另外还有邀请好友返现金等活动。时至今日，补贴依然是百度钱包市场拓展的重要手段。&lt;/p&gt;&lt;p&gt;&amp;nbsp;&lt;/p&gt;&lt;p&gt;拓展场景非常关键，需要给用户更多使用支付工具的场景。百度接连控股了去哪儿、糯米，发展百度外卖，结合百度地图、手机百度等流量入口，为支付业务导流。另外，在支付业务基础上，推出了理财、消费信贷等金融服务，构建了金融、旅游、出行、餐饮、票务、团购、视频网站会员等支付场景。&lt;/p&gt;&lt;p&gt;&lt;br&gt;&lt;/p&gt;&lt;p&gt;此外还在泰国上线境外支付业务，涉及四大城市热门商圈的400多家商户，覆盖衣、食、住、行等几方面。百度还曾推出“直达号”，通过搜索、推荐、App内@商家等方式引流线下，为百度钱包拓展商家资源，不过收效不明显。&lt;/p&gt;&lt;p&gt;&amp;nbsp;&lt;/p&gt;&lt;p&gt;尽管作出很多努力，但不管是补贴力度，还是场景拓展，百度钱包的力度都弱于阿里腾讯。要知道仅仅是打车领域的补贴大战，阿里腾讯就都烧了十几亿。在红包、补贴商家、补贴用户等方面，阿里腾讯真是不心疼钱。如今的微信支付与支付宝在移动支付领域的超然地位，与撒钱补贴培养用户习惯是分不开的。百度的投入相对来说还算小的。&lt;/p&gt;&lt;p&gt;&amp;nbsp;&lt;/p&gt;&lt;p&gt;在场景拓展方面，百度钱包与微信支付、支付宝差距跟大，在一线城市，不管是商超还是路边小店，微信支付、支付宝普及度相当高，用户的使用率也很高，百度钱包基本见不到，其使用场景基本还是在百度体系内，缺乏走出自身场景去拓展的能力。&lt;/p&gt;&lt;p&gt;&amp;nbsp;&lt;/p&gt;&lt;p label=&quot;大标题&quot; class=&quot;text-big-title&quot;&gt;&lt;b&gt;百度钱包还有没有机会？&lt;/b&gt;&lt;/p&gt;&lt;p&gt;&lt;br&gt;&lt;/p&gt;&lt;p&gt;虽然现在百度钱包目前市场份额较低，这些年来在百度钱包发展历程中起过重要作用的李明远、章政华也都相继离职，但鉴于支付业务的重要性以及百度对金融的重视程度，百度肯定不会放弃百度钱包。毕竟支付是业务闭环的重要环节，且百度已经投入了这么多资源，弃之可惜。&lt;/p&gt;&lt;p&gt;&lt;br&gt;&lt;/p&gt;&lt;p&gt;不过从目前的态势看，百度钱包想要做大实在不易。百度外卖与糯米在百度体系内的被重视程度越来越低，被卖掉的传言一直都有。这两者都是百度钱包的重要使用场景，对于拓展用户和商户至关重要。二者如果不能持续增长，百度钱包就失去了向上发展的重要根基。只靠百度金融业务很难把交易规模做起来。&lt;br&gt;&lt;/p&gt;&lt;p&gt;&lt;br&gt;&lt;/p&gt;&lt;p&gt;另外，要想真正成为支付巨头，向生态体系外的领域拓展使用场景是必经之路。然而从过去几年的发展看，百度钱包在百度体系外的场景很有限，也没有表现出在微信支付与支付宝两强重压之下拓展场景的能力。向外部拓展，既需要舍得花钱进行补贴和推广，还要有强大的执行力和适宜的市场策略。要不然就拿出个让人眼前一亮的差异化竞争策略。这些都不太容易。&lt;/p&gt;&lt;p&gt;&lt;br&gt;&lt;/p&gt;&lt;p&gt;要知道，京东、苏宁这些电商背景的公司，本身的交易规模都比百度大，二者也都在拓展场景，金融业务也都有很大体量，但支付业务依然没有突破性进展。&lt;/p&gt;',1495891674,0),(6,19,'&lt;p&gt;乐视体育的新故事，主题是“体育小镇”。&lt;/p&gt;&lt;p&gt;&lt;br&gt;&lt;/p&gt;&lt;p&gt;5月26日下午，许久没发声的乐视体育，官方宣布了其B+轮融资进展。&lt;/p&gt;&lt;p&gt;&amp;nbsp;&lt;/p&gt;&lt;p&gt;根据这次发布会上的消息，乐视体育部分新老股东以及中意宁波生态园下属基金确认参与B+轮，投后估值达到240亿元。根据融资协议，用于乐视体育小镇项目的优质综合建设用地，是该笔增资的主要资产。&lt;/p&gt;&lt;p&gt;&amp;nbsp;&lt;/p&gt;&lt;p&gt;中意宁波生态园与乐视体育签署了框架协议，&lt;span&gt;&lt;b&gt;主要以土地形式入股，帮助后者将总部搬迁到宁波落地到中意宁波生态园。&lt;/b&gt;&lt;/span&gt;&lt;/p&gt;&lt;p&gt;&lt;br&gt;&lt;/p&gt;&lt;p&gt;中意宁波生态园是国家级生态园，为中意宁波生态园管委会全资拥有。公开资料显示，2014年10月14日，中意两国签署《关于共同支持建立中意生态园的谅解备忘录》，支持两国企业、机构及有关组织分别在中国海安经济技术开发区和宁波余姚经济开发区合作共建“中意海安生态园”和“中意宁波生态园”。&lt;/p&gt;&lt;p&gt;&lt;br&gt;&lt;/p&gt;&lt;p&gt;据余姚市招商局网站在2015年时发布的信息，中意宁波生态园总规划面积40平方公里，其中一期26平方公里，二期14平方公里，以生产制造、商贸服务、教育培训、生态休闲为四大核心功能。&lt;/p&gt;&lt;p&gt;&lt;br&gt;&lt;/p&gt;&lt;p&gt;2017年是中意宁波生态园“重大项目建设推进年”。据余姚新闻网报道，今年中意宁波生态园将实施吉利新能源汽车、北京精进动力电池、启迪科技城一期等重大项目56个，总投资301.94亿元。&lt;br&gt;&lt;/p&gt;&lt;p&gt;&lt;br&gt;&lt;/p&gt;&lt;p&gt;懒熊体育了解到，乐视体育本轮融资由老股东推动。在老股东看来，乐视体育遇到了一些问题，但是公司还正常运转，旧有的高价采购媒体版权等模式被证明短期内难以盈利，因此需要进行转型，产业下沉、体育小镇对于乐视体育来说是一个机会。而体育小镇又是当下体育产业最火的故事之一。&lt;/p&gt;&lt;p&gt;&lt;br&gt;&lt;/p&gt;&lt;p&gt;&lt;span&gt;&lt;b&gt;休闲健康是中意生态园的一个产业方向，后者需要围绕这个方向加速产业配套建设，选择乐视体育也是出于此方面的考虑。&lt;/b&gt;&lt;/span&gt;&lt;/p&gt;&lt;p&gt;&amp;nbsp;&lt;/p&gt;&lt;p&gt;懒熊体育得到的说法是，“&lt;b&gt;合作的目的实际上是为了让这个企业在现有的资源平台上面再发展。中意生态园的意大利元素还是需要有所加强，乐视进来之后它会有更多的一些国际资源，包括服务配套，都是会有促进作用。&lt;/b&gt;”&lt;/p&gt;&lt;p&gt;&lt;br&gt;&lt;/p&gt;&lt;p&gt;另有知情人士告诉懒熊体育，此次拿出来的意向土地面积约2800亩。目前，中意生态园已经在宁波余姚城东的一个办公大楼里为乐视体育准备了总部所需要的运营场所，即一个1000多平方米的楼层，用于其日常办公。&lt;/p&gt;&lt;p&gt;&amp;nbsp;&lt;/p&gt;&lt;p&gt;另一名接近乐视体育的人士告诉懒熊体育，尽管孙宏斌曾提及想和乐视一起拿地开发小镇，&lt;span&gt;&lt;b&gt;但乐视体育此次“迁都”宁波与孙关系不大，更可能是由中航工业牵线促成。中航工业为中意宁波生态园其中一个项目的股东，其旗下中泽文化也是乐视体育B轮领投方之一。有迹象显示，曾在乐视体育B轮融资发布会上发言的中航国际交流中心董事长、中泽文化董事长柴森，也出现在了今天下午的发布会现场。&lt;/b&gt;&lt;/span&gt;&lt;/p&gt;&lt;p&gt;&lt;br&gt;&lt;/p&gt;&lt;p class=&quot;img-center-box&quot; style=&quot;text-align: center;&quot;&gt;&lt;img src=&quot;https://img.huxiucdn.com/article/cover/201705/27/145742489062.jpg&quot;&gt;&lt;/p&gt;&lt;p style=&quot;text-align: center;&quot;&gt;&lt;span class=&quot;text-remarks&quot; label=&quot;备注&quot;&gt;乐视体育B+轮融资现场，高管与部分股东合影&lt;/span&gt;&lt;br&gt;&lt;/p&gt;&lt;p&gt;&amp;nbsp;&lt;/p&gt;&lt;p&gt;乐视体育方面并未公布此轮融资金额。当财新记者在现场问到B+轮融资规模时，乐视体育创始人兼CEO雷振剑只是回答说，“&lt;b&gt;&lt;span&gt;具体的数值大家应该能算出来&lt;/span&gt;&lt;span&gt;。&lt;/span&gt;&lt;/b&gt;”&lt;/p&gt;&lt;p&gt;&amp;nbsp;&lt;/p&gt;&lt;p&gt;乐视体育还宣布，海航资本、中泽文化、普思投资、平银能矿、东方汇富、新湃资本、云锋基金和个人股东代表8人，及公司管理层代表1人，共9人组建乐视体育战略发展委员会，为公司升级转型提供支持。同时，乐视体育管理层和部分老股东，计划出资增持公司股份，并对公司股东结构进行深度优化，增持股份所用资金将用于公司后续业务发展。&lt;/p&gt;&lt;p&gt;&amp;nbsp;&lt;/p&gt;&lt;p&gt;这段话提到的核心信息——乐视体育管理层和部分老股东增持公司股份，目前还处在“计划”阶段。乐视体育也未透露究竟哪些老股东和管理层计划入股，今年在于航、张志勇、强炜等副总裁及以上级别的乐视体育管理层离职后，目前留下的高管还包括雷振剑、联席总裁刘建宏、CTO张旋等人。&lt;/p&gt;&lt;p&gt;&amp;nbsp;&lt;/p&gt;&lt;p&gt;雷振剑表示，未来3个月之内，乐视体育的总部迁至中意宁波生态园。&lt;b&gt;但&lt;span&gt;要将该公司北京总部全部员工搬到宁波，目前来看并不现实。在最近的新一轮裁员之后，乐视体育北京员工规模将维持在300人左右。&lt;/span&gt;&lt;/b&gt;&lt;/p&gt;&lt;p&gt;&amp;nbsp;&amp;nbsp;&lt;/p&gt;&lt;p&gt;在经历了连续的负面消息之后，乐视体育首次多位高管出席并公开面对媒体，并发布融资消息和新的建立在体育小镇上的故事，这也是他们希望努力释放的一个利好。&lt;/p&gt;&lt;p&gt;&amp;nbsp;&lt;/p&gt;&lt;p&gt;2014年3月底，乐视体育从乐视网独立成子公司进行运营。2015年5月13日，乐视体育宣布完成8亿人民币的A轮和A+轮融资，估值为28亿元。当时公布的投资方包括万达投资、云锋基金领投（马云等发起成立）、东方汇富和普思投资等7家机构与个人跟投。&lt;/p&gt;&lt;p&gt;&amp;nbsp;&lt;/p&gt;&lt;p&gt;那之后，乐视体育一路扩张，采购版权、签约赛事、引进高管，并把业务规划为了“媒体内容+赛事运营+智能化+互联网增值服务”四大板块。&lt;/p&gt;&lt;p&gt;&lt;br&gt;&lt;/p&gt;&lt;p&gt;去年4月，乐视体育宣布获B轮融资，由海航领投，中泽文化联合领投，安星资产、中金前海、新湃资本、象舆行投资、中泰证券、体奥动力、中建投信托、中银粤财等20多家机构，孙红雷、刘涛、陈坤等10余位个人投资者跟投；乐视集团、东方汇富等A轮股东增持，共融得资金80亿元，公司估值达到215亿元。&lt;/p&gt;&lt;p&gt;&amp;nbsp;&lt;/p&gt;&lt;p&gt;但从去年下半年起风向开始偏转。2016年第四季度，因为B轮融资中近一半金额被乐视控股抽走用去造车等多个原因，乐视体育受整个乐视系统资金短缺危机牵连的影响开始显现。这也使得过去大半年中，关于乐视体育的重要赛事版权丢失和核心人才流失的新闻没有停过。&lt;/p&gt;&lt;p&gt;&lt;br&gt;&lt;/p&gt;&lt;p&gt;这个过程中，首钢曾认真考虑以约30亿元人民币入股，不过给出的估值远不到当初B轮估值的一半，双方最终并未谈妥。&amp;nbsp;&lt;/p&gt;&lt;p&gt;&lt;br&gt;&lt;/p&gt;&lt;p&gt;兜兜转转之后，乐视体育的属性又重新回到原点时的一个媒体和播出平台。&lt;/p&gt;&lt;p&gt;&lt;br&gt;&lt;/p&gt;&lt;p&gt;而发布会上公布的信息，意味着乐视体育接下来需要再次调整业务线以支撑“体育小镇”的概念，并继续寻求解决资金问题。&lt;/p&gt;&lt;p&gt;&lt;br&gt;&lt;/p&gt;&lt;p class=&quot;img-center-box&quot; style=&quot;text-align: center;&quot;&gt;&lt;img src=&quot;https://img.huxiucdn.com/article/cover/201705/27/150849502967.jpg&quot;&gt;&lt;/p&gt;&lt;p style=&quot;text-align: center;&quot;&gt;&lt;span class=&quot;text-remarks&quot; label=&quot;备注&quot;&gt;乐视体育办了一场不像乐视体育的发布会&lt;/span&gt;&lt;br&gt;&lt;/p&gt;&lt;p&gt;&lt;br&gt;&lt;/p&gt;&lt;p&gt;雷振剑也表示，乐视体育战略发展委员会接下来的任务，是尽快地妥善处理过去一段时间公司的应收应付帐款。&lt;br&gt;&lt;/p&gt;&lt;p&gt;&amp;nbsp;&lt;/p&gt;&lt;p&gt;今天的发布会与过去乐视体育声势浩大、动辄邀请超过200家媒体进行地毯式报道的阵势形成鲜明对比，但能在这个关键时刻找到这么一个利好已属不易。&lt;/p&gt;&lt;p&gt;&amp;nbsp;&lt;/p&gt;&lt;p&gt;一位熟悉浙江小镇业态的投资人告诉懒熊体育，浙江是中国特色小镇的发源地，当地政府也非常重视和急切。对当地政府来说，地不是问题，但“缺少的是内容”，乐视体育的资源目前来说仍有其价值。&lt;/p&gt;&lt;p&gt;&lt;br&gt;&lt;/p&gt;&lt;p&gt;就在4月底，乐视汽车在浙江德清获得了土地约679亩，总成交价约1.4亿元。而在去年8月，乐视控股就曾宣布将投资近200亿元，在浙江德清莫干山国家经济开发区建设LeSEE生态汽车超级工厂和汽车生态小镇，规划面积4300亩。&lt;/p&gt;&lt;p&gt;&lt;br&gt;&lt;/p&gt;&lt;p&gt;“政府还只是一个背书，关键还是企业，一定要找准定位，否则再大的船也容易翻。风险还是在投资人身上，他们是不希望巨额资金投下去打水漂。”一位来自中意宁波生态园的人士表示。&lt;/p&gt;',1495891987,0),(7,20,'&lt;p&gt;我记得2016年的时候，美国通用电气公司（General Electric Company，以下简称GE）的CEO杰夫·伊梅尔特给企业定了一个小目标：成为全世界前十的软件公司。然而GE以及其创始人托马斯·爱迪生（电灯泡发明者）是绝对意义上的实体工业代表，软件对于他们来说似乎和企业的属性显得不那么搭调。&lt;br&gt;&lt;/p&gt;&lt;p&gt;&lt;br&gt;&lt;/p&gt;&lt;p&gt;然而在CMEF 2017上，GE搬来了他们基于软件的医疗产品，而且还是两个：资产云管家以及人工智能。&lt;br&gt;&lt;/p&gt;&lt;p&gt;&lt;br&gt;&lt;/p&gt;&lt;p&gt;&lt;span&gt;&lt;b&gt;资产云管家&lt;/b&gt;&lt;/span&gt;：这是一套数字化的医疗设备资产管理解决方案。将医疗设备产生的数据，如使用频率、机器温度等反馈给设备管理者。管理者通过资产云管家能了解到，此时医院是否应该购置新设备，机器出现了故障如何进行维修等。&lt;/p&gt;&lt;p&gt;&lt;br&gt;&lt;/p&gt;&lt;p&gt;&lt;span&gt;&lt;b&gt;资产云管家的作用是通过运营数据来达到降低部署成本和运营成本的目的。&lt;/b&gt;&lt;/span&gt;目前上海仁济医院已经开始采用资产云管家，该医院大约能通过这套解决方案节省30%的成本，同时能增加20%的设备使用效率。&lt;/p&gt;&lt;p&gt;&lt;br&gt;&lt;/p&gt;&lt;p&gt;但是，对于不同规模的医院，资产云管家带来的效果是不同的。同时还需要考虑医院的服务半径，以及所处地段网络汲取情况等等。一家有5台CT的地方医院和一家有10台CT的一线城市大医院相比，资产云管家对后者带来的效果更高一些。&lt;/p&gt;&lt;p&gt;&lt;br&gt;&lt;/p&gt;&lt;p&gt;资产云管家其实抓住的是大医院的痛点，像是分级诊疗和病人分流。通过运营数据分配设备，是一种提高效率和利润的做法。GE医疗大中华区首席市场营销官戴鹰说，&lt;/p&gt;&lt;p&gt;&lt;br&gt;&lt;/p&gt;&lt;blockquote&gt;&lt;p&gt;很多实例告诉我们，光靠账本和人的脑子，不可能解决这些运营问题的。尤其是设备多的时候，管理很难做到最优化。&lt;/p&gt;&lt;/blockquote&gt;&lt;p&gt;&lt;br&gt;&lt;/p&gt;&lt;p&gt;&lt;span&gt;&lt;b&gt;人工智能&lt;/b&gt;&lt;/span&gt;：GE带来的人工智能解决方案是肺癌的早筛查早诊断。在同样的时间单位中，肉眼对于肺癌的筛查速度要明显慢于公式化的人工智能。这主要是因为人工智能对判断影像的识别能力要远超于人类，效率更高不说，还不用管饭，更不用休息。&lt;/p&gt;&lt;p&gt;&lt;br&gt;&lt;/p&gt;&lt;p&gt;其实GE之所以在中国推广人工智也是有原因的，从2010年到现在我国医疗行业人手短缺的问题越来越严重，具有相关病状审查能力的医生更是少之又少，而且这些医生普遍还聚集在顶尖医院。由此一来，造成看病难、查病难的现状。&lt;/p&gt;&lt;p&gt;&lt;br&gt;&lt;/p&gt;&lt;p&gt;&lt;b&gt;&lt;span&gt;和资产云管家不同的是，GE的人工智能服务所对应的数据是临床数据&lt;/span&gt;。&lt;/b&gt;&lt;/p&gt;&lt;p&gt;&lt;br&gt;&lt;/p&gt;&lt;p&gt;但是人工智能的前途并没有那么明朗，肺癌的筛查是通过照片来判断的，然而像是心肌梗等症状，医院需要通过视频来观察患者。人工智能识别图像的速度是要远超过人类的，不过这并不代表人工智能识别视频要高于人类。&lt;/p&gt;&lt;p&gt;&lt;br&gt;&lt;/p&gt;&lt;p&gt;戴鹰也同意此观点，一个视频是由无数帧视频组成，所以GE规格已经开始吸纳相关的人才来提高人工智能的能力。初步的规模为几千名，皆为软件工程师。&lt;/p&gt;&lt;p&gt;&lt;br&gt;&lt;/p&gt;&lt;p&gt;发布会结束以后，GE医疗大中华区首席市场营销官戴鹰接受了虎嗅网半个小时左右的采访。令我意外的是，戴鹰作为市场营销领导人，对数字化医疗技术方面的理解是非常专业的。后来通过GE工作人员的介绍才知道，原来戴鹰本身就是技术出身，曾经是GE的首席技术官。#So 尴尬#&lt;/p&gt;&lt;p&gt;&lt;br&gt;&lt;/p&gt;&lt;p&gt;戴鹰认为，虽然GE在硬件条件达标的今天开始畅谈人工智能，但是数字医疗商业模式的运作仍然要保守。在未来，完全数字服务收费是可以预见的，不过现阶段依然要按照传统商业模式来走。&lt;/p&gt;&lt;p&gt;&lt;br&gt;&lt;/p&gt;&lt;p&gt;随后戴鹰向我展示了GE筛查肺癌的人工智能。从展示中我看到，GE确实在这方面突破了传统工业企业的牢笼，他们在人工智能领域的脚步，已经达到了商业化医疗的水平。不过仍需要补充一点，现阶段GE的人工智能只能筛查肺癌，并不能诊断，也就是说在这个时期，人工智能仍然代替不了人类医师。#以后说不准。#&lt;/p&gt;',1495892234,0),(8,21,'&lt;p&gt;自动驾驶这事儿，似乎所有入局者都口径都格外一致，把无人驾驶真正落地的时间定在了 2020 - 2025 年。然而又不是所有无人驾驶的入局者都把无人驾驶技术的落地方式能说明白。&lt;/p&gt;&lt;p&gt;&lt;br&gt;&lt;/p&gt;&lt;p&gt;对于创业公司来说，要是想要单纯靠投资撑到自动驾驶技术完全落地的 21 世纪 20 年代，还真的是挺不现实的。所以相比于财大气粗的传统整车厂，往往是创业公司对自动驾驶的落地方式想的比较清晰。&lt;/p&gt;&lt;p&gt;&lt;br&gt;&lt;/p&gt;&lt;p&gt;我两个月前曾经专访过一次驭势科技的 CEO 吴甘沙，从 Intel 离职，在 15 年 10 月创立驭势科技，吴甘沙已经带着这家创业公司走过了将近一年半的时间。&lt;/p&gt;&lt;p&gt;&lt;br&gt;&lt;/p&gt;&lt;p class=&quot;img-center-box&quot; style=&quot;text-align: center;&quot;&gt;&lt;img src=&quot;https://img.huxiucdn.com/article/cover/201705/27/123009092048.jpg&quot;&gt;&lt;/p&gt;&lt;p&gt;&lt;br&gt;&lt;/p&gt;&lt;p&gt;在 2 月份专访时，吴甘沙曾经表示，做传统大厂不愿意做或者说是不好做的领域，是吴甘沙认为自动驾驶市场存在的巨大机遇。而在短期内，驭势科技自动驾驶方案的核心，仍将对准园区等低复杂道路环境的低速自动驾驶车。&lt;/p&gt;&lt;p&gt;&lt;br&gt;&lt;/p&gt;&lt;p&gt;上周驭势科技又召开了一场媒体沟通会，除了又谈了谈几乎已经被说烂的自动驾驶市场空间，还聊了聊最为实际的自动驾驶落地方案。&lt;/p&gt;&lt;p&gt;&lt;br&gt;&lt;/p&gt;&lt;p&gt;所谓自动驾驶的市场空间，吴甘沙扔出了 6 个万亿市场，分别是汽车市场、出行市场、物流市场、商业地产、能源市场和自动驾驶带来的社会效益。话是没毛病的，这六块每一块都是蕴含着巨大的商业价值且都能够与自动驾驶相关。&lt;/p&gt;&lt;p&gt;&lt;br&gt;&lt;/p&gt;&lt;p&gt;进一步看，社会和历史的发展，其实很大程度是是与交通的发展挂钩的。所以这么来看，作为目前阶段未来出行的风口愿景，自动驾驶显然是很多潜在商业价值的。&lt;/p&gt;&lt;p&gt;&lt;br&gt;&lt;/p&gt;&lt;p&gt;但如果想让自动驾驶完全落地需要做到什么？从根本层面来看，需要改变整个交通系统。&lt;/p&gt;&lt;p&gt;&lt;br&gt;&lt;/p&gt;&lt;p&gt;这不是故意唱衰目前做自动驾驶整车的厂商。实际上理性思考下，如今的交通系统，其实是为人类驾驶员量身定制的。针对人类驾驶员人眼色彩识别设计的红绿灯、车道线，针对人耳的听觉设计的车笛，以及根据人类驾驶员安全范围设计的速度限制和行驶规范。&lt;/p&gt;&lt;p&gt;&lt;br&gt;&lt;/p&gt;&lt;p class=&quot;img-center-box&quot; style=&quot;text-align: center;&quot;&gt;&lt;img src=&quot;https://img.huxiucdn.com/article/cover/201705/27/123121991964.jpeg&quot;&gt;&lt;/p&gt;&lt;p&gt;&lt;br&gt;&lt;/p&gt;&lt;p&gt;回过头来看看如今的自动驾驶车都在做什么？用激光雷达，摄像头，毫米波雷达去识别车辆的周围环境，并将环境数据传递给车载电脑，由车载电脑进行运算输出驾驶决策并控制车辆行进。感知、决策、控制中，感知的部分可以说是效率最低的了，原因就是，自动驾驶车需要靠传感器去模拟人类的感官来读取交通系统的环境信息。&lt;/p&gt;&lt;p&gt;&lt;br&gt;&lt;/p&gt;&lt;p&gt;所以真正合理高效的自动驾驶使用场景是怎么样的？车车联网，每个车都相互知道所在的位置行进的速度和车辆状态，交通信号改用做汽车能够方便接收的电信号，车道也尽量封闭，免去不必要的人类干扰，降低事故的发生率。&lt;/p&gt;&lt;p&gt;&lt;br&gt;&lt;/p&gt;&lt;p&gt;也就是说，要想实现全场景的自动驾驶，绝对是一个传统车厂或者说任何一个创业公司搞不定的，需要的是整个系统的进步。所以对于现在的自动驾驶厂商来说，自动驾驶应该怎么做？其实思路也很简单，做小范围的低复杂度交通系统，做低速可控场景内的自动驾驶。&lt;/p&gt;&lt;p&gt;&lt;br&gt;&lt;/p&gt;&lt;p&gt;在沟通会上，驭势科技展示的自动驾驶落地方案其实是个不错的方向。一个是机场停车场的自动驾驶接驳车，一个是商业地产停车场的自动驾驶接驳车项目。&lt;/p&gt;&lt;p&gt;&lt;br&gt;&lt;/p&gt;&lt;p class=&quot;img-center-box&quot; style=&quot;text-align: center;&quot;&gt;&lt;img src=&quot;https://img.huxiucdn.com/article/cover/201705/27/123051198688.jpg&quot;&gt;&lt;/p&gt;&lt;p&gt;&lt;br&gt;&lt;/p&gt;&lt;p&gt;本质上，这两个方案其实都属于园区内低复杂道路系统的低速自动驾驶车项目，但由于环境的不同，需要使用略为不同的技术解决方案，但基本上是个殊途同归的自动驾驶落地方案。&lt;/p&gt;&lt;p&gt;&lt;br&gt;&lt;/p&gt;&lt;p&gt;白云机场停车场的自动驾驶接驳车难度在于稳定性和南方的湿润环境对无人车的影响。4 座的无人车，，没有方向盘、油门和刹车。乘客提着行李上车，只需按下按钮，车即可自行启动，按照优化的路线前往目的地。&lt;/p&gt;&lt;p&gt;&lt;br&gt;&lt;/p&gt;&lt;p class=&quot;img-center-box&quot; style=&quot;text-align: center;&quot;&gt;&lt;img src=&quot;https://img.huxiucdn.com/article/cover/201705/27/123325477178.jpg&quot;&gt;&lt;/p&gt;&lt;p&gt;&lt;br&gt;&lt;/p&gt;&lt;p&gt;室内地下室停车场的接驳车难度就要高上不少，首先是地下车库无法使用 GPS 地图规划路线，另外地下车库的灯光环境也为摄像头识别增加了干扰。但用户的使用方式基本与机场的接驳车是一样的，直接坐上去就好，自动驾驶车会把用户送到目的地。&lt;/p&gt;&lt;p&gt;&lt;br&gt;&lt;/p&gt;&lt;p&gt;从这两个案例中，其实可以看到，作为一家自动驾驶创业公司，除了目前专注在低速电动车，驭势科技能够提供的自动驾驶方案还是相当灵活的，在环境没法大规模改变的情况下，去做定制的自动驾驶车还是个很好的思路。&lt;/p&gt;&lt;p&gt;&lt;br&gt;&lt;/p&gt;&lt;p&gt;在两个月前的专访时候吴甘沙其实也曾经说过“就自动驾驶套件的方案来说，驭势科技不会信仰式的坚持某一种技术或者方案。而是会根据用户的需求，可接受预算和使用场景做出精确的调整。”为此他还举了个例子：&lt;/p&gt;&lt;p&gt;&lt;br&gt;&lt;/p&gt;&lt;blockquote&gt;&lt;p&gt;“其实我们一直采取一些非常务实的态度去做我们的技术，所谓务实就是需求驱动。在未来，我认为二维码不是必须的。因为你有覆盖全中国的高精度地图，那你可能就不需要二维码。&lt;/p&gt;&lt;p&gt;&lt;br&gt;&lt;/p&gt;&lt;p&gt;现在做这种东西的原因是：1、小区这种区域，我们先测试一圈，如果 GPS 和惯性导航工作的非常好，我们工作就完成了，但是如果我们发现这个搭配工作的不是特别好，每走一段路都发现累计了挺大的误差，我们就会在路边贴一些二维码，帮助校正误差。如果解决问题了就 OK 了。&lt;/p&gt;&lt;p&gt;&lt;br&gt;&lt;/p&gt;&lt;p class=&quot;img-center-box&quot; style=&quot;text-align: center;&quot;&gt;&lt;img src=&quot;https://img.huxiucdn.com/article/cover/201705/27/123257958148.jpg&quot;&gt;&lt;/p&gt;&lt;p&gt;&lt;br&gt;&lt;/p&gt;&lt;p&gt;或者说我这个车纯粹在地下停车场在开，那么 GPS 根本就没有。高端的惯性导航又买不起，这个时候我们就可能要通过激光雷达或者视觉的技术，换种思路来解决。&lt;/p&gt;&lt;p&gt;&lt;br&gt;&lt;/p&gt;&lt;p&gt;所以说我们是种非常灵活的，我们有个算法库，现在的问题就是来一个客户需求，我们就用不同的配置去试。”&lt;/p&gt;&lt;/blockquote&gt;&lt;p&gt;&lt;br&gt;&lt;/p&gt;&lt;p&gt;当然从目前的角度来看，无论是白云机场还是地下车库的自动驾驶接驳车，依然是展示意义要大于实际意义的，目前的无人驾驶车还处于一个 demo 阶段，这就意味着无人驾驶车的使用效率依然很低，在一个场景下能投入的车辆数量不多，每个车仍然需要特定的安全员来进行监管等等。&lt;/p&gt;&lt;p&gt;&lt;br&gt;&lt;/p&gt;&lt;p&gt;但这还是给了无人驾驶技术发展的方向并且给了技术发展的时间，毕竟人们的耐心往往有限，如果自动驾驶让人看不到落地实现的可能，那市场的资本也会随着社会热度降低退潮，技术就很难有继续成长的可能。&lt;/p&gt;',1495892346,0),(9,22,'&lt;p&gt;自相关政府部门介入以后，比特币市场趋于冷静。然而在2017年5月，比特币价格就像在太上老君（雾雨魔理沙）八卦炉里炼满七七四十九天的孙悟空一样，仅用十几天功夫就从1400美元攀到了2700美元。这将近1倍的增长显然有很大的人为因素，即背后有人在操作。&lt;/p&gt;&lt;p&gt;&lt;br&gt;&lt;/p&gt;&lt;p&gt;比特币，以及比特币价格成长的方式有很多，但是影响最大的主要有两种：&lt;br&gt;&lt;/p&gt;&lt;p&gt;&lt;br&gt;&lt;/p&gt;&lt;p&gt;1.Coinbase，2015年获得了美国政府颁发的正规比特币交易拍照。2017年1月，纽约金融服务部门（NYDFS）负责人宣布，已通过比特币交易平台Coinbase的牌照申请。&lt;/p&gt;&lt;p&gt;&lt;br&gt;&lt;/p&gt;&lt;p&gt;2.Grayscale&amp;nbsp;Bitcoin Investment Trust（纳斯达克：GBTC，下文简称GBTC），即比特币投资信托。名副其实，这家企业所有的理财业务都是和比特币有关的，即比特币取代货币进行投资理财，同时也有比特币换通用货币的业务。&lt;/p&gt;&lt;p&gt;&lt;br&gt;&lt;/p&gt;&lt;p&gt;Coinbase因为受到相关部门制约，他们的动作都比较合乎规范。在不被吊销执照的范围内，让比特币价格形成这样的增长是不可能的。所以业内就把目光放到了GBTC上，果然，这家企业在背后操作比特币价格的可能性很高。&lt;/p&gt;&lt;p&gt;&lt;br&gt;&lt;/p&gt;&lt;p class=&quot;img-center-box&quot; style=&quot;text-align: center;&quot;&gt;&lt;img src=&quot;https://img.huxiucdn.com/article/cover/201705/27/153529154249.png&quot;&gt;&lt;/p&gt;&lt;p&gt;&lt;br&gt;&lt;/p&gt;&lt;p&gt;2017年5月26日，GBTC的NAV为220.5735美元，不及每股价格的50%。&lt;/p&gt;&lt;p&gt;&lt;br&gt;&lt;/p&gt;&lt;p&gt;地产股、投资股、证券股，理论上来说NAV应该和股价相差不远，有时还会出现折让。而工业股、医疗股这些的一般不看NAV，毕竟人家走的是业绩。&lt;/p&gt;&lt;p&gt;&lt;br&gt;&lt;/p&gt;&lt;p&gt;GBTC作为一家投资信托，他们的NAV应该不会和每股价格差太多，但是220美元与450美元之间确实不太合乎逻辑。&lt;br&gt;&lt;/p&gt;&lt;p&gt;&lt;br&gt;&lt;/p&gt;&lt;p&gt;同时，GBTC的股价变动和比特币价格变动是发生在同一段时间，但是增长幅度远不如GBTC。&lt;/p&gt;&lt;p&gt;&lt;br&gt;&lt;/p&gt;&lt;p class=&quot;img-center-box&quot; style=&quot;text-align: center;&quot;&gt;&lt;img src=&quot;https://img.huxiucdn.com/article/cover/201705/27/155251783877.png&quot;&gt;&lt;/p&gt;&lt;p&gt;&lt;br&gt;&lt;/p&gt;&lt;p&gt;即使GBTC业务是比特币业务，但是这并不影响他们和纳斯达克之间用美元交易。因此，比特币狂涨的幕后推手极有可能是GBTC。&lt;/p&gt;&lt;p&gt;&lt;br&gt;&lt;/p&gt;&lt;p&gt;投资专家&lt;a href=&quot;https://seekingalpha.com/author/ian-bezek/articles&quot; target=&quot;_blank&quot;&gt;Ian Bezek&lt;/a&gt;称，GBTC现在比其净资产值高出80%的溢价，风险非常大。（GBTC has now surged to an 80% premium to its NAV. Be very cautious if you own it here.）&lt;/p&gt;&lt;p&gt;&lt;br&gt;&lt;/p&gt;&lt;p&gt;橙子皮投资机构（&lt;a href=&quot;https://twitter.com/opifamilyoffice&quot; target=&quot;_blank&quot;&gt;Orange Peel Investments&lt;/a&gt;）也认为，比特币价格在短时间内的成长多半是来自于GBTC的炒作。&lt;/p&gt;&lt;p&gt;&lt;br&gt;&lt;/p&gt;&lt;p&gt;一个建议：千万别买，这玩意全都是泡沫。&lt;/p&gt;',1495892425,0),(10,23,'&lt;p&gt;提起户外运动品牌，不得不说的是哥伦比亚（Columbia）这家79年历史的美国户外用品巨头。曾经有人将哥伦比亚品牌的成功，归功于公司铺天盖地的营销攻势。但从商业的本质上看，哥伦比亚品牌的长盛不衰，靠的绝不仅仅是营销文案。&lt;/p&gt;&lt;p&gt;&lt;br&gt;&lt;/p&gt;&lt;p&gt;在1937年，一家小小的帽子公司在波特兰地区默默无闻地在供应商和授权商的压力下挣扎，当时无论是公司的创始人还是从未将这家小公司放在眼里的竞争对手，他们都不会想到，仅仅半个世纪，这家公司就已经占领美国市场，开始野望世界了。&lt;/p&gt;&lt;p&gt;&lt;br&gt;&lt;/p&gt;&lt;p&gt;俗话说，幸福的婚姻是相似的。在商界，每一个成功的企业也是相似的，在这些成功者讲述的故事中，都会有一个拥有超凡的战略眼光能够力挽狂澜的主角，都有着百年不遇的商业契机，有着高明的商业决策，而对于哥伦比亚来说，除了以上这些主旋律，它的发展历程也有一些传奇故事。&lt;/p&gt;&lt;p&gt;&lt;br&gt;&lt;/p&gt;&lt;p label=&quot;大标题&quot; class=&quot;text-big-title&quot;&gt;&lt;b&gt;1400美元的哥伦比亚？&lt;/b&gt;&lt;br&gt;&lt;/p&gt;&lt;p&gt;&lt;br&gt;&lt;/p&gt;&lt;p&gt;1937年，波特兰，从纳粹德国逃亡至美国的Paul Lanfrom带领一家人收购了Rosenfeld Hat Company，并于第二年改名为哥伦比亚帽子公司。后来不堪供应商的压迫，哥伦比亚踏入了制造业，自己生产帽子，积累了第一笔财富。&lt;/p&gt;&lt;p&gt;&lt;br&gt;&lt;/p&gt;&lt;p&gt;到了1963年，创始人Paul Lanfrom去世，其女婿Neal Boyle接管了公司。Neal Boyle是一个雄心勃勃的企业家，他瞄准了狩猎和钓鱼服装这个细分市场，并以妻子Gertrude Boyle设计的新型钓鱼背心为主打产品，一度统治了波特兰狩猎和钓鱼服装这个细分市场。直到1970年Neal因心脏病去世。&lt;/p&gt;&lt;p&gt;&lt;br&gt;&lt;/p&gt;&lt;p&gt;Neal去世之前，公司仍然在狩猎和钓鱼服装细分市场占有较大份额，每年收入达到了65万美元。这样的市场看似十分美好，但公司不得不面对的是钓鱼和狩猎市场的盈利能力不强的问题。&lt;/p&gt;&lt;p&gt;&lt;br&gt;&lt;/p&gt;&lt;p&gt;产品的生命周期达到饱和期后，公司的盈利开始出现问题，并愈演愈烈，处于破产的边缘。为了改善这种情况，在去世前几个月，Neal Boyle将三处房产和他的人寿保险抵押，以此获得了一笔小企业管理贷款，但这个决策在他去世后，他女儿Gertrude Boyle掌管下的哥伦比亚雪上加霜。&lt;/p&gt;&lt;p&gt;&lt;br&gt;&lt;/p&gt;&lt;p&gt;由于没有经验，Gertrude Boyle和放弃学业来帮助管理公司的儿子Tim Boyle在最早的几年间并没有使公司起死回生，反而更加窘迫不堪，这直接导致了1971年哥伦比亚销售收入下降了25%。到了1972年左右，由于经营状况仍未改善，Gertrude Boyle也曾试图出售这家从小就拥有的家族公司。当时有意收购公司的报价者，开出了1400美元的offer。&lt;/p&gt;&lt;p&gt;&lt;br&gt;&lt;/p&gt;&lt;p&gt;当然，Gertrude Boyle没有答应，而是硬着头皮撑了下来。这就是20世纪70年代初期的哥伦比亚。那个有意收购者也没有想到短短几年后，这家他曾经报价1400美元的破败公司就开启了爆炸式的增长。&lt;/p&gt;&lt;p&gt;&lt;br&gt;&lt;/p&gt;&lt;p label=&quot;大标题&quot; class=&quot;text-big-title&quot;&gt;&lt;b&gt;巨头崛起，风云汇聚&lt;/b&gt;&lt;/p&gt;&lt;p&gt;&lt;br&gt;&lt;/p&gt;&lt;p&gt;慢慢地，Gertrude和Tim在管理上渐入佳境，哥伦比亚也获得了挽救公司的商业信用贷款，接着逐步解决了一直亏损的服装批发业务，在1976年公司确定了专营户外运动服装这个方向后，公司采取了积极的营销战略。&lt;/p&gt;&lt;p&gt;&lt;br&gt;&lt;/p&gt;&lt;p&gt;同时，70年代的美国，人们的穿衣习惯也发生了巨大的变化。人们不再穿西服上班，而是穿着更随意的户外休闲服。这项转变无疑与哥伦比亚已确定的发展方向一致，因此哥伦比亚的销售收入逐渐增加，公司的经营状况也得到了巨大改善。&lt;/p&gt;&lt;p&gt;&lt;br&gt;&lt;/p&gt;&lt;p&gt;在这个风云际会的时代，哥伦比亚发展过程中的三大核心人物聚集在一起，运筹帷幄之中便制定了公司在未来数十年的发展战略。&lt;br&gt;&lt;/p&gt;&lt;p&gt;&lt;br&gt;&lt;/p&gt;&lt;p&gt;在公司的发展过程中，Gertrude绝对是公司的灵魂人物。她从1970年开始担任公司董事长，将哥伦比亚从存亡之际挽救回来。在退出管理之后，她更是亲自上阵出演广告，成为了哥伦比亚公司最好的代言人。&lt;/p&gt;&lt;p&gt;&lt;br&gt;&lt;/p&gt;&lt;p&gt;在1983年的一系列广告中，Gertrude作为一个坚强的母亲，以幽默的广告证明哥伦比亚服装的耐用性。借助Gertrude的个人形象，哥伦比亚推出了户外运动鞋类品牌Bugaboot，并推出Tough Mother品牌牛仔服装。Gertrude以其自身的经历充分表现出哥伦比亚坚毅硬朗、不屈不饶、勇于挑战的品牌本色，为哥伦比亚塑造了良好的品牌形象。&lt;/p&gt;&lt;p&gt;&lt;br&gt;&lt;/p&gt;&lt;p&gt;作为公司的CEO，Gertrude的儿子Tim Boyle在哥伦比亚运动服装公司的发展过程中，展现了出色的战略眼光。1976年Tim Boyle制定了哥伦比亚未来的发展路线，继续挖掘运动服装市场，专注于在市场上塑造哥伦比亚品牌。这确定了哥伦比亚公司至今的发展方向。&lt;/p&gt;&lt;p&gt;&lt;br&gt;&lt;/p&gt;&lt;p&gt;1995年底，Tim Boyle又开辟了公司的旗舰店零售业务，并拓展了海外零售业务，为公司带来了新的利润增长点。&lt;/p&gt;&lt;p&gt;&lt;br&gt;&lt;/p&gt;&lt;p&gt;当然，除却Boyle母子俩，创造哥伦比亚爆发式增长的另一个人物——Don Santorufo。作为公司COO，Santorufo为哥伦比亚制定了轻资产运营模式：1979年，他将哥伦比亚的生产活动外包给大西洋西北部几家承包商，降低了公司成本，促进了公司销售额在80年代的暴涨。&lt;/p&gt;&lt;p&gt;&lt;br&gt;&lt;/p&gt;&lt;p&gt;历史总是由少数几个人书写的，在70年代末这3个风云人物的相遇，在80年代掀起了一场哥伦比亚式风暴。&lt;/p&gt;&lt;p&gt;&lt;b&gt;&lt;br&gt;&lt;/b&gt;&lt;/p&gt;&lt;p label=&quot;大标题&quot; class=&quot;text-big-title&quot;&gt;&lt;b&gt;营销+海外制造+创新设计的商业模式&lt;/b&gt;&lt;/p&gt;&lt;p&gt;&lt;br&gt;&lt;/p&gt;&lt;p&gt;在20世纪80年代，哥伦比亚得到了飞速的发展，销售收入从1978年的100万美元涨到了1983年的1200万美元，1989年哥伦比亚的销售收入达到了将近8000万美元，到90年代初销售收入已经超过了1亿美元。如此强劲的增长，离不开Gertrude, Tim和Santorufo三大领导人物，也离不开哥伦比亚构建的独特商业模式。&lt;/p&gt;&lt;p&gt;&lt;br&gt;&lt;/p&gt;&lt;p&gt;在哥伦比亚的商业模式中，最起始的一环就是营销。自1976年，在Tim Boyle重新定义哥伦比亚的发展方向后，营销就成为了公司的第一优先事务。在当时，不算富裕的公司把每一美元都用在了投放广告上。&lt;/p&gt;&lt;p&gt;&lt;br&gt;&lt;/p&gt;&lt;p&gt;在80年代哥伦比亚的增长中，广告起到了不可忽视的作用。公司为广告预留了大量现金，是紧追其后的竞争对手的两倍。在密集的广告攻势中，哥伦比亚实用耐用的品牌形象随着董事长Gertrude的出演而深入人心。&lt;/p&gt;&lt;p&gt;&lt;br&gt;&lt;/p&gt;&lt;p&gt;在营销之外，海外制造也是哥伦比亚商业模式的一大重要部分。现在说起来海外制造似乎并不算稀奇，但是早在1979年，Santorufo就将哥伦比亚的生产活动外包，之后在1983年更是尝试了海外制造的模式。&lt;/p&gt;&lt;p&gt;&lt;br&gt;&lt;/p&gt;&lt;p&gt;这在哥伦比亚的发展中绝对具有划时代的意义，公司产品通过海外制造，在保持质量的同时降低了价格，这大大提升了公司的竞争力，为之后公司的崛起贡献了巨大的力量。&lt;/p&gt;&lt;p&gt;&lt;br&gt;&lt;/p&gt;&lt;p&gt;在营销和海外制造之外，创新设计构建了公司商业模式的最后一环。1982年，哥伦比亚公司的设计师设计出了后来闻名世界的三合一设计。1986年采用三合一设计的Bugaboo问世，哥伦比亚借此进军滑雪市场。&lt;/p&gt;&lt;p&gt;&lt;br&gt;&lt;/p&gt;&lt;p&gt;在充分的营销资金、海外制造的竞争力和独特新颖的设计的支持下，Bugaboo一问世就覆盖了滑雪服装市场。之后十年间，哥伦比亚的年销售额增长了16倍。通过海外制造+创新设计+营销的商业模式，哥伦比亚终于完成了从濒临倒闭的小公司到户外服装领域巨头的嬗变。&lt;/p&gt;&lt;p&gt;&lt;br&gt;&lt;/p&gt;&lt;p label=&quot;大标题&quot; class=&quot;text-big-title&quot;&gt;&lt;b&gt;创新和全球收购战略&lt;/b&gt;&lt;/p&gt;&lt;p&gt;&lt;br&gt;&lt;/p&gt;&lt;p&gt;纵观哥伦比亚运动服装公司这传奇的成长史，创新一直都是公司发展的核心战略，每一次创新都代表着公司业务范围的改变。须记得，哥伦比亚最早只是一家帽子公司，后来借助Gertrude创造出的新型钓鱼背心近乎统治了波特兰狩猎和钓鱼服装细分市场；然后随着三合一设计的创新，哥伦比亚进军滑雪市场并成为滑雪服装领域的巨头。&lt;/p&gt;&lt;p&gt;&lt;br&gt;&lt;/p&gt;&lt;p&gt;但在1998年上市之后，哥伦比亚也开启了收购之路。在2000年收购了鞋类制造商SOREL公司；2003年收购了Mountain Hardware；在2006年，收购了the Pacific Trail和Montrail品牌；2010年收购了OutDry Technologies S.r.l.。多次收购丰富了哥伦比亚运动服装公司的产品品牌，也给哥伦比亚带来了新技术。&lt;/p&gt;&lt;p&gt;&lt;br&gt;&lt;/p&gt;&lt;p&gt;在创新和收购之外，哥伦比亚也较早就开始了全球化发展战略。20世纪90年代中期，哥伦比亚的海外业务得到了极大的发展，在1993至1995年间增长了两倍。1997年哥伦比亚在韩国首尔开设了第一家零售店，之后哥伦比亚的海外业务开始迅速增长，为公司贡献了发展的新动力。在已过去的2016年哥伦比亚的海外业务收入超过了8亿美元，占总收入的36.7%。&lt;/p&gt;&lt;p&gt;&lt;br&gt;&lt;/p&gt;&lt;p&gt;现如今，哥伦比亚运动服装公司已经成长为户外运动行业的全球领导企业，旗下拥有哥伦比亚、SOREL、Mountain Hardwear、prAna五个主要品牌和Montrail、OutDry、the Pacific Trail等其他品牌。在2016年哥伦比亚总销售收入达到了23.77亿美元，净利润达到了1.984亿美元。在近3年，哥伦比亚的销售收入和净利润也逐年增长，呈现出健康发展的增长态势。&lt;/p&gt;&lt;p&gt;&lt;br&gt;&lt;/p&gt;&lt;p&gt;年销售收入近24亿，净利润近2亿，这样的数据相比起当时那个只值1400美元的公司而言就是不折不扣的传奇。&lt;/p&gt;&lt;p&gt;&lt;br&gt;&lt;/p&gt;&lt;p&gt;在2014年哥伦比亚撤销了在中国的代理商，直接成立了直营公司。在这个巨头都迫切想分一杯羹的中国市场，我们希望，人们在谈起哥伦比亚的时候，提起的不只是产品，而是在这个公司的背后历史发展中的经验。&lt;/p&gt;&lt;p&gt;&lt;br&gt;&lt;/p&gt;&lt;p&gt;我们同样希望，中国的运动服装企业能够奋起，在中国乃至世界这片广阔天空中缔造新的传奇。&lt;/p&gt;',1495893291,0),(11,24,'&lt;p&gt;几年前，在美国科幻大片《普罗米修斯》里，全自动手术机器人给女主做手术这一情节让不少观众印象深刻，抛开外星生物不谈，人工智能何时可以参与手术过程？无论欧美、日本还是中国，政府和企业都在不同层面上积极推动精准医疗的落地，家喻户晓的国产品牌海信其实已深耕多年。&lt;/p&gt;&lt;p&gt;&amp;nbsp;&lt;br&gt;&lt;/p&gt;&lt;p&gt;海信医疗在去年组织了一次开放日，其所展示的“CAS计算机辅助手术系统”就已让人眼前一亮，该系统可以应用CT或磁共振数据，三维重建目标脏器的精细化解剖，辅助医生手术。海信计算机辅助手术系统已在国内清华长庚医院、复旦大学附属儿科医院、青岛大学附属医院等全国30多家三甲医院临床使用，完成手术已达1000余例。&lt;/p&gt;&lt;p&gt;&lt;br&gt;&lt;/p&gt;&lt;p class=&quot;img-center-box&quot; style=&quot;text-align: center;&quot;&gt;&lt;img src=&quot;https://img.huxiucdn.com/article/cover/201705/17/124140835213.png&quot;&gt;&lt;/p&gt;&lt;p&gt;&lt;br&gt;&lt;/p&gt;&lt;p&gt;在此次上海举办的医疗行业大会上，海信带来了是基于人工智能的精准数字化手术解决方案。说到这套系统开发的起因，是小儿外科领域需要极端精细化手术方案，复旦大学儿科医院的董岿然教授介绍了四例世界领先的超高难度连体婴儿分离术，也让我们领略了计算机技术与医术的结合之美。&lt;/p&gt;&lt;p&gt;&amp;nbsp;&lt;/p&gt;&lt;p&gt;&lt;span&gt;&lt;b&gt;在我看来有以下几个重要创新点：&lt;/b&gt;&lt;/span&gt;&lt;/p&gt;&lt;p&gt;&amp;nbsp;&lt;/p&gt;&lt;p&gt;&lt;span&gt;&lt;b&gt;1.&amp;nbsp; 血管自动生成系统。&lt;/b&gt;&lt;/span&gt;所有医生都知道，大型手术例如肿瘤切除，系统重建等最大的难度是术中出血的问题，这是手术成功的关键。&lt;/p&gt;&lt;p&gt;&amp;nbsp;&lt;/p&gt;&lt;p&gt;通过大量影像学片子的三维重建，患者的血管可以通过算法自动生成，排除其他组织和脏器的“噪音干扰”，非常清晰地显示出来，随后可以3D打印好，以供术前的模拟与讨论。&lt;/p&gt;&lt;p&gt;&amp;nbsp;&lt;/p&gt;&lt;p class=&quot;img-center-box&quot; style=&quot;text-align: center;&quot;&gt;&lt;img src=&quot;https://img.huxiucdn.com/article/cover/201705/17/124239195461.png&quot;&gt;&lt;/p&gt;&lt;p&gt;&lt;span&gt;&lt;br&gt;&lt;/span&gt;&lt;/p&gt;&lt;p&gt;&lt;span&gt;&lt;b&gt;2 .肿瘤边界的判断。&lt;/b&gt;&lt;/span&gt;这直接关系到肿瘤切除率和患者预后，是非常重要的实际问题。&lt;/p&gt;&lt;p&gt;&amp;nbsp;&lt;/p&gt;&lt;p&gt;如果医生切除范围不够导致部分残留，那么肿瘤复发是大概率事件；但如果因为看不清楚而过分切除重要脏器，则会严重影响功能代偿，增加大出血的概率，使患者预后情况不佳。海信医疗提供的这套最新的手术解决方案利用人工智能算法，自动地进行肿瘤边界和实际脏器判断，随后可以进行肿瘤切除范围和方案的制定。此外，我看到的一个特别有意思的词——“流域”，即按照“重要血管流过的区域”操作手术，系统可参考之前大量已完成手术的数据库，由计算机自动设计手术方案，为医生提供诊断建议。根据海信医疗手术系统诞生这一年多以来的真实统计分析和报道，在应用了系统后，肿瘤切除率上升了7%，有34%的手术方案进行了更精确更好地修正，同时相应减少了20%以上的输血率。&lt;/p&gt;&lt;p&gt;&amp;nbsp;&lt;/p&gt;&lt;p&gt;并且，这个数字化手术解决方案把各个医院在手术中涉及的如肝脏、肺等重要脏器的数据整合之后，构建了一个大型数字化器官数据库，未来这对于医学教学，临床实践和科研分析都会有非常巨大的帮助。以此核心技术为载体，提供医联体内的远程会诊与手术指导服务，不但能让基层的医生提高临床水平，也直接让患者获益。&lt;/p&gt;&lt;p&gt;&amp;nbsp;&lt;/p&gt;&lt;p&gt;&lt;b&gt;&lt;span&gt;3.&amp;nbsp; 正在研发中的术中导航系统&lt;/span&gt;。&lt;/b&gt;虽然还没有成熟，但今天特别提到了可以应用于肺部微小病灶的活检和疑难手术过程中的指导，理论上可以边做手术边让影像系统进行智能分析，术中精确导航，大幅提高手术成功率并减少医疗意外。&lt;/p&gt;&lt;p&gt;&amp;nbsp;&lt;/p&gt;&lt;p&gt;But，我却认为故事到这里仅仅是开始。据海信医疗核心技术高管陈永建博士介绍，智能手术系统设计的方案经过不断机器学习，已经越来越完善了。&lt;/p&gt;&lt;p&gt;&amp;nbsp;&lt;/p&gt;&lt;p&gt;我们再大胆设想一下：现在已经有了高超的手术机器人如达芬奇——比人更稳定，更冷静甚至操作更精细（之前刷屏的用手术刀来剥葡萄皮和小龙虾视频就是一种炫技），所以，虽然现在是医生来操作手术机器人，那么未来当机器学习和人工智能技术更进一步，在手术前，计算机可以根据综合资料与影像重建自动设计手术方案，甚至还可以在术前模拟训练数次。工业自动化设计结合人工智能，让机器人全程自主操作，再配合术中导航系统、实时动态反馈，不断让操作愈加完善。手术全程都不需要医生参与，但是每一步动作，每一个血管的分离与脏器的缝合都可以更完美，就能够极大地降低由于医生水平或操作失误，情绪不稳等带来的手术风险。&lt;/p&gt;&lt;p&gt;&amp;nbsp;&lt;/p&gt;&lt;p&gt;复杂手术都可以如此，那么简单手术更加能够流水化“解放”医生，这很有可能会带来一种新的颠覆。&lt;/p&gt;&lt;p&gt;&amp;nbsp;&lt;/p&gt;&lt;p&gt;事实上，医学从来都是技术驱动型的领域。比如听诊器让我们识别了更多的疾病，B超X光心电图和CT等的发明，让我们的诊断能力大幅提升；比如各种新药和新的器械解决了大批患者的病痛。没有这些不断的技术进步与临床结合，即使你和病人天天面对面也无济于事。当全自动化的手术机器人可以从诊断到治疗都全面超越普通医生，还不出差错，就像阿法狗对全世界的围棋高手都百战百胜，那么对整个医疗体系的影响都是革命性的。&lt;/p&gt;',1495893429,0);
/*!40000 ALTER TABLE `article_content` ENABLE KEYS */;
UNLOCK TABLES;

--
-- Table structure for table `menu`
--

DROP TABLE IF EXISTS `menu`;
/*!40101 SET @saved_cs_client     = @@character_set_client */;
/*!40101 SET character_set_client = utf8 */;
CREATE TABLE `menu` (
  `menu_id` smallint(5) unsigned NOT NULL AUTO_INCREMENT,
  `menu_name` varchar(60) NOT NULL COMMENT '菜单名称',
  `module` varchar(50) NOT NULL COMMENT '模块',
  `controller` varchar(50) NOT NULL COMMENT '控制器',
  `action` varchar(50) NOT NULL COMMENT '方法',
  `list_order` int(10) unsigned NOT NULL DEFAULT '0' COMMENT '排序',
  `type` tinyint(3) unsigned NOT NULL COMMENT '类型，1：前台导航，2：后台菜单',
  `status` tinyint(4) NOT NULL DEFAULT '1' COMMENT '状态，-1：删除，0：禁用，1：启用',
  PRIMARY KEY (`menu_id`)
) ENGINE=InnoDB AUTO_INCREMENT=15 DEFAULT CHARSET=utf8 COMMENT='菜单表';
/*!40101 SET character_set_client = @saved_cs_client */;

--
-- Dumping data for table `menu`
--

LOCK TABLES `menu` WRITE;
/*!40000 ALTER TABLE `menu` DISABLE KEYS */;
INSERT INTO `menu` VALUES (1,'首页','index','Index','index',0,1,-1),(2,'科技','index','Column','index',0,1,1),(3,'金融','index','Column','index',0,1,1),(4,'体育','index','Column','index',0,1,1),(5,'医疗','index','Column','index',0,1,1),(6,'首页','admin','Index','index',6,2,-1),(7,'菜单管理','admin','Menu','index',5,2,1),(8,'文章管理','admin','Article','index',4,2,1),(9,'推荐位管理','admin','Position','index',3,2,1),(10,'推荐位内容管理','admin','PositionContent','index',2,2,1),(11,'管理员管理','admin','Admin','index',1,2,1),(12,'系统设置','admin','System','index',0,2,-1),(13,'test','test','Test','test',0,1,-1),(14,'系统设置','admin','System','index',0,2,1);
/*!40000 ALTER TABLE `menu` ENABLE KEYS */;
UNLOCK TABLES;

--
-- Table structure for table `position`
--

DROP TABLE IF EXISTS `position`;
/*!40101 SET @saved_cs_client     = @@character_set_client */;
/*!40101 SET character_set_client = utf8 */;
CREATE TABLE `position` (
  `position_id` smallint(5) unsigned NOT NULL AUTO_INCREMENT,
  `position_name` varchar(60) NOT NULL COMMENT '推荐位名称',
  `description` varchar(150) NOT NULL DEFAULT '' COMMENT '描述',
  `create_time` int(10) unsigned NOT NULL COMMENT '创建时间',
  `update_time` int(10) unsigned NOT NULL DEFAULT '0' COMMENT '更新时间',
  `status` tinyint(4) NOT NULL DEFAULT '1' COMMENT '状态，-1：删除，0：禁用，1：启用',
  PRIMARY KEY (`position_id`)
) ENGINE=InnoDB AUTO_INCREMENT=9 DEFAULT CHARSET=utf8 COMMENT='推荐位表';
/*!40101 SET character_set_client = @saved_cs_client */;

--
-- Dumping data for table `position`
--

LOCK TABLES `position` WRITE;
/*!40000 ALTER TABLE `position` DISABLE KEYS */;
INSERT INTO `position` VALUES (1,'首页轮播图','首页的轮播图',1488805341,1496155317,1),(2,'小图推荐','首页轮播图旁的小图',1488805341,1496155313,1),(3,'右侧广告位','页面右侧的广告位',1488805341,1496155309,1),(4,'测试推荐位1','测试推荐位1',1488805341,0,-1),(5,'测试推荐位2','测试推荐位2',1488805341,1495897170,-1),(6,'测试推荐位3','测试推荐位3',1488805341,1495897166,-1),(7,'测试推荐位4','测试推荐位4',1488805341,1495897162,-1),(8,'测试推荐位56','测试推荐位5描述',1495212175,1495897158,-1);
/*!40000 ALTER TABLE `position` ENABLE KEYS */;
UNLOCK TABLES;

--
-- Table structure for table `position_content`
--

DROP TABLE IF EXISTS `position_content`;
/*!40101 SET @saved_cs_client     = @@character_set_client */;
/*!40101 SET character_set_client = utf8 */;
CREATE TABLE `position_content` (
  `position_content_id` int(10) unsigned NOT NULL AUTO_INCREMENT,
  `position_id` smallint(5) unsigned NOT NULL COMMENT '推荐位id',
  `article_id` int(10) unsigned NOT NULL DEFAULT '0' COMMENT '文章id',
  `title` varchar(150) NOT NULL COMMENT '文章标题',
  `thumb` varchar(255) NOT NULL DEFAULT '' COMMENT '文章缩略图',
  `address` varchar(255) NOT NULL DEFAULT '' COMMENT '文章地址',
  `list_order` int(10) unsigned NOT NULL DEFAULT '0' COMMENT '排序',
  `create_time` int(10) unsigned NOT NULL COMMENT '创建时间',
  `update_time` int(10) unsigned NOT NULL DEFAULT '0' COMMENT '更新时间',
  `status` tinyint(4) NOT NULL DEFAULT '1' COMMENT '状态，-1：删除，0：禁用，1：启用',
  PRIMARY KEY (`position_content_id`),
  KEY `position_id` (`position_id`),
  KEY `article_id` (`article_id`)
) ENGINE=InnoDB AUTO_INCREMENT=35 DEFAULT CHARSET=utf8 COMMENT='推荐位内容表';
/*!40101 SET character_set_client = @saved_cs_client */;

--
-- Dumping data for table `position_content`
--

LOCK TABLES `position_content` WRITE;
/*!40000 ALTER TABLE `position_content` DISABLE KEYS */;
INSERT INTO `position_content` VALUES (1,3,24,'测试文章标题','','',0,1491228178,0,-1),(2,2,23,'测试文章标题','','',0,1491228178,0,-1),(3,1,21,'测试文章标题','','',0,1491228178,0,-1),(4,3,20,'测试文章标题','','',0,1491228178,0,-1),(5,2,21,'测试文章标题','','',0,1491228178,0,-1),(6,1,21,'测试文章标题','','',1,1491228178,0,-1),(7,1,14,'测试文章标题1','\\uploads\\20170521\\d2617586377f2039ee15953c3ae3275d.png','',0,1495336071,0,-1),(8,1,0,'推荐位内容测试标题','\\uploads\\20170521\\9dfb65563dedd839fd2704f38ff97885.png','https://www.google.com',0,1495336119,0,-1),(9,1,14,'测试777','\\uploads\\20170516\\35c7ba5748f0e16409aa700600f9aa2a.jpg','',0,1495337071,0,-1),(10,0,12,'测试标题','有','测试来源',0,1495365632,0,-1),(11,0,11,'测试标题','有','测试来源',0,1495365632,0,-1),(12,0,14,'测试标题1','有','测试来源',0,1495365727,0,-1),(13,1,12,'测试标题','有','测试来源',0,1495365991,0,-1),(14,1,11,'测试标题','有','测试来源',0,1495365992,0,-1),(15,1,0,'测试标题','有','测试来源',0,1495366056,1495381605,-1),(16,1,11,'测试标题','有','测试来源',0,1495366056,0,-1),(17,1,12,'测试标题','\\uploads\\20170516\\35c7ba5748f0e16409aa700600f9aa2a.jpg','测试来源',0,1495366703,0,-1),(18,1,11,'测试标题','\\uploads\\20170516\\35c7ba5748f0e16409aa700600f9aa2a.jpg','测试来源',0,1495366703,0,-1),(19,2,1,'推荐位编辑','\\uploads\\20170516\\35c7ba5748f0e16409aa700600f9aa2a.jpg','',0,1495377894,1495378028,-1),(20,2,11,'测试','\\uploads\\20170516\\35c7ba5748f0e16409aa700600f9aa2a.jpg','',0,1495378076,0,-1),(21,3,14,'测试1','\\uploads\\20170516\\35c7ba5748f0e16409aa700600f9aa2a.jpg','',0,1495381446,1495859190,-1),(22,1,11,'测试文章序号','','',0,1495381662,1495859186,-1),(23,2,0,'添加站外文章','\\uploads\\20170521\\ae76372a787db3bfd21659715e45fa7c.png','test',0,1495382319,1495859181,-1),(24,1,20,'人工智能、云，两个产品读懂GE如何布局数字医疗','\\static\\uploads\\20170527\\6896ab9fb1179859129e7949401d61a6.jpg','虎嗅网',0,1495892261,0,1),(25,1,19,'乐视体育B+轮融资解读：新股东中意宁波生态园意图何在？','\\static\\uploads\\20170527\\dd21498639de1cd0e0e3ca6423da2c33.jpg','虎嗅网',0,1495892261,0,1),(26,1,18,'与支付宝微信差距大，负责人又离职，百度钱包还有机会吗？','\\static\\uploads\\20170527\\5f96430a205bee2c02b93cf926109d83.jpg','虎嗅网',0,1495892261,0,1),(27,1,17,'有关柯洁落败 AlphaGO 的一点乱想','\\static\\uploads\\20170527\\39f63b6a64ae98c5c695054899424a46.jpg','虎嗅网',0,1495892261,0,1),(28,2,16,'这种便宜药每年拯救1000名中国新生儿的生命，却为何退出了中国','\\static\\uploads\\20170527\\069c9a98340a042cbff241b64cefb56c.jpg','虎嗅网',0,1495892449,0,1),(29,2,22,'比特币翻倍狂涨，幕后推手竟是一家投资信托','\\static\\uploads\\20170527\\4b57f59a5e9cc3129b068861b4482482.gif','虎嗅网',0,1495892459,0,1),(30,2,21,'都知道无人驾驶能挣钱，但这个钱应该怎么挣？','\\static\\uploads\\20170527\\3ca4b3de077ebd239c02280c7f3e3fdb.jpg','虎嗅网',0,1495892459,0,1),(31,3,24,'手术方案可以用AI全程设计了，科幻离现实还有多远','\\static\\uploads\\20170527\\d81f0db511dab85ed659fc428fe47f87.jpg','虎嗅网',0,1495893464,0,1),(32,3,23,'一个有80年历史的户外运动品牌，去年营收24亿美元，怎么做到的？','\\static\\uploads\\20170527\\5ef62832b79c63d8b7eed62c4e6de391.jpg','虎嗅网',0,1495893464,0,1),(33,3,0,'15家大数据公司被调查，行业面临大清洗','\\static\\uploads\\20170528\\6b3baee4de6d2d501b5b5a084174e077.jpg','https://www.huxiu.com/article/197223.html',0,1495952005,0,1),(34,3,0,'比特币病毒简史','\\static\\uploads\\20170528\\e1aa90aec7c6da1d2c340856139ce707.jpg','https://www.huxiu.com/article/197329.html',0,1495952049,0,1);
/*!40000 ALTER TABLE `position_content` ENABLE KEYS */;
UNLOCK TABLES;
